Workbook

Sheet SUNDAY ATTENDANCE
B1: SUNDAY SERVICE ATTENDANCE ROLL CALL ANALYSIS
A3: S/N | B3: NAMES OF MEMBERS | C3: JANUARY
A4: 1 | B4: =GENERAL!B8 -> REV. DR. OSAZE GREAT-ZION, 08188591715; [GO Headquarters]; [Men of Impact] | C4: 1
A7: 2 | B7: =GENERAL!B11 -> REV. MRS. EDOSA GREAT-ZION; 08034701063; [President, Women of Purpose] | C7: =SUM(GENERAL!H11,GENERAL!L11,GENERAL!P11,GENERAL!T11,GENERAL!X11) -> 0
A10: 3 | B10: =GENERAL!B14 -> PST. RALPH, 08163941615; [EGEDE Extension Pastor]; [Men of Impact] | C10: =SUM(GENERAL!H14,GENERAL!L14,GENERAL!P14,GENERAL!T14,GENERAL!X14) -> 0
A13: 4 | B13: =GENERAL!B17 -> PST. ROMANUS I, 09034788649; [Eweka Extension Pastor]; [Men of Impact] | C13: =SUM(GENERAL!H17,GENERAL!L17,GENERAL!P17,GENERAL!T17,GENERAL!X17) -> 0
A16: 5 | B16: =GENERAL!B20 -> PST. SAMUEL, 08066314143; [Extension Pastor]; [Men of Impact] | C16: =SUM(GENERAL!H20,GENERAL!L20,GENERAL!P20,GENERAL!T20,GENERAL!X20) -> 0
A19: 6 | B19: =GENERAL!B23 -> DCN. ESTON 08034747107; [Eweka Extension]; [Men of Impact] | C19: =SUM(GENERAL!I25,GENERAL!M25,GENERAL!Q25,GENERAL!U25) -> 0
A22: 7 | B22: =GENERAL!B26 -> DCN. ABEL 08131940031; [GRA Extension]; [Men of Impact] | C22: =SUM(GENERAL!I28,GENERAL!M28,GENERAL!Q28,GENERAL!U28) -> 0
A25: 8 | B25: =GENERAL!B29 -> DCN SAM. O 08151215991; [Headquarters, Deacon]; [Men of Impact] | C25: =SUM(GENERAL!I31,GENERAL!M31,GENERAL!Q31,GENERAL!U31) -> 0
A28: 9 | B28: =GENERAL!B32 -> BRO. JULIUS IMHANA 08108372149; [Headquarters, Men of Impact Chairman]; [Men of Impact] | C28: =SUM(GENERAL!I34,GENERAL!M34,GENERAL!Q34,GENERAL!U34) -> 0
A31: 10 | B31: =GENERAL!B35 -> BRO. MATTHEW 07053928408: [Headquarters Member]; [Men of Impact] | C31: =SUM(GENERAL!I37,GENERAL!M37,GENERAL!Q37,GENERAL!U37) -> 0
A34: 11 | B34: =GENERAL!B38 -> BRO. WISDOM 08066120841: [Headquarters Member]; [Men of Impact] | C34: =SUM(GENERAL!I40,GENERAL!M40,GENERAL!Q40,GENERAL!U40) -> 0
A37: 12 | B37: =GENERAL!B41 -> BRO. GODWIN 07059776499: [Headquarters Member]; [Men of Impact] | C37: =SUM(GENERAL!I43,GENERAL!M43,GENERAL!Q43,GENERAL!U43) -> 0
A40: 13 | B40: =GENERAL!B44 -> BRO. ALEX KENNEDY 08060299070: [Headquarters Member]; [Men of Impact] | C40: =SUM(GENERAL!I46,GENERAL!M46,GENERAL!Q46,GENERAL!U46) -> 2
A43: 14 | B43: =GENERAL!B47 -> BRO. CHARLES 08051921359: [Headquarters Member]; [Men of Impact] | C43: =SUM(GENERAL!I49,GENERAL!M49,GENERAL!Q49,GENERAL!U49) -> 0
A46: 15 | B46: =GENERAL!B49 -> BRO. DANIEL 08108460601: [Headquarters Member]; [Men of Impact] | C46: =SUM(GENERAL!I73,GENERAL!M73,GENERAL!Q73,GENERAL!U73) -> 0
A49: 16 | B49: =GENERAL!B52 -> BRO. UZOMA 09025797913: [Headquarters Member]; [Men of Impact] | C49: =SUM(GENERAL!I54,GENERAL!M54,GENERAL!Q54,GENERAL!U54,GENERAL!X52) -> 2
A52: 17 | B52: =GENERAL!B55 -> BRO. ESOSA I 08058235675: [Headquarters Member]; [Men of Impact] | C52: =SUM(GENERAL!I57,GENERAL!M57,GENERAL!Q57,GENERAL!U57) -> 2
A55: 18 | B55: =GENERAL!B58 -> BRO. PAUL ASEMOTA. 08092033463: [Headquarters Member]; [Men of Impact] | C55: =SUM(GENERAL!I60,GENERAL!M60,GENERAL!Q60,GENERAL!U60) -> 1
A58: 19 | B58: =GENERAL!B61 -> BRO. SAMUEL ETIM 07070256353: [Headquarters Member]; [Men of Impact] | C58: =SUM(GENERAL!I63,GENERAL!M63,GENERAL!Q63,GENERAL!U63) -> 0
A61: 20 | B61: =GENERAL!B64 -> BRO. SUNNY K. 08035981524: [Headquarters Member]; [Men of Impact] | C61: =SUM(GENERAL!I66,GENERAL!M66,GENERAL!Q66,GENERAL!U66) -> 0
A64: 21 | B64: =GENERAL!B67 -> BRO. PETER AIGBE 08077625088: [Headquarters Member]; [Men of Impact] | C64: =SUM(GENERAL!I69,GENERAL!M69,GENERAL!Q69,GENERAL!U69) -> 0
A67: 22 | B67: =GENERAL!B70 -> BRO. SUNNY I 09067583446: [Headquarters Member]; [Men of Impact] | C67: =SUM(GENERAL!I72,GENERAL!M72,GENERAL!Q72,GENERAL!U72) -> 0
A70: 23 | B70: =GENERAL!B77 -> BRO. MONDAY 09077277209: [Headquarters Member]; [Men of Impact] | C70: =SUM(GENERAL!I79,GENERAL!M79,GENERAL!Q79,GENERAL!U79) -> 0
A73: 24 | B73: =GENERAL!B80 -> BRO. STEVE AGWEBOR 08143169535: [Headquarters Member]; [Men of Impact] | C73: =SUM(GENERAL!I82,GENERAL!M82,GENERAL!Q82,GENERAL!U82) -> 0
A76: 25 | B76: =GENERAL!B83 -> BRO. EFOSA 07036845256: [Headquarters Member]; [Men of Impact] | C76: =SUM(GENERAL!I85,GENERAL!M85,GENERAL!Q85,GENERAL!U85) -> 0
A79: 26 | B79: =GENERAL!B86 -> BRO. THANK-GOD 08111573236: [Headquarters Member]; [Men of Impact] | C79: =SUM(GENERAL!I85,GENERAL!M85,GENERAL!Q85,GENERAL!U85) -> 0
A82: 27 | B82: =GENERAL!B89 -> BRO. HAPPY I. 08078378791: [Headquarters Member]; [Men of Impact] | C82: =SUM(GENERAL!I91,GENERAL!M91,GENERAL!Q91,GENERAL!U91) -> 2
A85: 28 | B85: =GENERAL!B92 -> BRO. VICTOR 08168554928; [Headquarters, Member]; [Men of Impact] | C85: =SUM(GENERAL!I91,GENERAL!M91,GENERAL!Q91,GENERAL!U91) -> 2
A88: 29 | B88: =GENERAL!B95 -> BRO. GOODNEWS 08164992804: [Headquarters Member]; [Men of Impact] | C88: =SUM(GENERAL!I97,GENERAL!M97,GENERAL!Q97,GENERAL!U97) -> 1
A91: 30 | B91: =GENERAL!B98 -> BRO. SAMUEL 08139968749: [Headquarters Member]; [Men of Impact] | C91: =SUM(GENERAL!I100,GENERAL!M100,GENERAL!Q100,GENERAL!U100) -> 2
A94: 31 | B94: =GENERAL!B101 -> BRO. WISDOM CHIBUIKE 08059091960: [Headquarters Member]; [Men of Impact] | C94: =SUM(GENERAL!I103,GENERAL!M103,GENERAL!Q103,GENERAL!U103,GENERAL!Y103) -> 2
A97: 32 | B97: =GENERAL!B104 -> BRO. EPA AKPE 08039469795: [Headquarters Member]; [Men of Impact] | C97: =SUM(GENERAL!I106,GENERAL!M106,GENERAL!Q106,GENERAL!U106) -> 2
A100: 33 | B100: =GENERAL!B107 -> BRO. SOLOMON 08066599049: [Headquarters Member]; [Men of Impact] | C100: =SUM(GENERAL!I109,GENERAL!M109,GENERAL!Q109,GENERAL!U109) -> 0
A103: 34 | B103: =GENERAL!B110 -> BRO. PIUS 09032841227: [Headquarters Member]; [Men of Impact] | C103: =SUM(GENERAL!I112,GENERAL!M112,GENERAL!Q112,GENERAL!U112,GENERAL!Y112) -> 2
A106: 35 | B106: =GENERAL!B113 -> BRO. SAMUEL ETIM 07070256353: [Headquarters Member]; [Men of Impact] | C106: =SUM(GENERAL!I115,GENERAL!M115,GENERAL!Q115,GENERAL!U115) -> 0
A109: 39 | B109: =GENERAL!B116 -> BRO. I.K NJOKU 09153383840: [Headquarters Member]; [Men of Impact] | C109: =SUM(GENERAL!I118,GENERAL!M118,GENERAL!Q118,GENERAL!U118) -> 1
A112: 40 | B112: =GENERAL!B119 -> BRO. STANLEY UKEAGBU 08114510462: [Headquarters Member]; [Men of Impact] | C112: =SUM(GENERAL!I121,GENERAL!M121,GENERAL!Q121,GENERAL!U121) -> 0
A115: 42 | B115: =GENERAL!B122 -> BRO. EHIS O. 08148808661: [Headquarters Member]; [Men of Impact] | C115: =SUM(GENERAL!I124,GENERAL!M124,GENERAL!Q124,GENERAL!U124,GENERAL!Y124) -> 2
A118: 43 | B118: =GENERAL!B125 -> BRO. EJIRO O. 07053262080: [Headquarters Member]; [Men of Impact] | C118: =SUM(GENERAL!I127,GENERAL!M127,GENERAL!Q127,GENERAL!U127) -> 1
A121: 45 | B121: =GENERAL!B128 -> BRO. ROGER 08034757329: [Headquarters Member]; [Men of Impact] | C121: =SUM(GENERAL!I130,GENERAL!M130,GENERAL!Q130,GENERAL!U133,GENERAL!Y133) -> 2
A124: 46 | B124: =GENERAL!B131 -> BRO. FRANCIS (ABROAD) +447388664771: [Headquarters Member]; [Men of Impact] | C124: =SUM(GENERAL!I352,GENERAL!M352,GENERAL!Q352,GENERAL!U352,GENERAL!Y352) -> 0
A127: 51 | B127: =GENERAL!B134 -> MRS. ROSELINE NOSAKHARE; 08034701063: [Headquarters Member]; [Women of Purpose] | C127: =SUM(GENERAL!I136,GENERAL!M136,GENERAL!Q136,GENERAL!U136) -> 0
A130: 52 | B130: =GENERAL!B137 -> GRACE ALRUSI; NO PHONE: [Headquarters Member]; [Women of Purpose] | C130: =SUM(GENERAL!I139,GENERAL!M139,GENERAL!Q139,GENERAL!U139) -> 0
A133: 53 | B133: =GENERAL!B140 -> MAMA JUNIOR; 0906686813: [Headquarters Member]; [Women of Purpose] | C133: =SUM(GENERAL!I142,GENERAL!M142,GENERAL!Q142,GENERAL!U142) -> 0
A136: 54 | B136: =GENERAL!B143 -> MRS. CLEMENT; 09131528956: [Headquarters Member]; [Women of Purpose] | C136: =SUM(GENERAL!I145,GENERAL!M145,GENERAL!Q145,GENERAL!U145) -> 0
A139: 55 | B139: =GENERAL!B146 -> MAMA HAPPY (ELO FRANCIS); 07065345165: [Headquarters Member]; [Women of Purpose] | C139: =SUM(GENERAL!I148,GENERAL!M148,GENERAL!Q148,GENERAL!U148) -> 0
A142: 56 | B142: =GENERAL!B149 -> MRS. AGBUSA (SNR); NO PHONE: [Headquarters Member]; [Women of Purpose] | C142: =SUM(GENERAL!I151,GENERAL!M151,GENERAL!Q151,GENERAL!U151) -> 0
A145: 57 | B145: =GENERAL!B152 -> MRS. AGBUSA (JNR);NO PHONE: [Headquarters Member]; [Women of Purpose] | C145: =SUM(GENERAL!I154,GENERAL!M154,GENERAL!Q154,GENERAL!U154) -> 0
A148: 58 | B148: =GENERAL!B155 -> MRS. OSAYI; 0807165812: [Headquarters Member]; [Women of Purpose] | C148: =SUM(GENERAL!I157,GENERAL!M157,GENERAL!Q157,GENERAL!U157) -> 0
A151: 59 | B151: =GENERAL!B158 -> MRS. BLACKY; 0905637022: [Headquarters Member]; [Women of Purpose] | C151: =SUM(GENERAL!I160,GENERAL!M160,GENERAL!Q160,GENERAL!U160) -> 0
A154: 60 | B154: =GENERAL!B161 -> MRS. GIFT MADUKA; 0805564481: [Headquarters Member]; [Women of Purpose] | C154: =SUM(GENERAL!I163,GENERAL!M163,GENERAL!Q163,GENERAL!U163) -> 0
A157: 61 | B157: =GENERAL!B164 -> MRS. ESOSA (MAMA MUDIA); 0912935814: [Headquarters Member]; [Women of Purpose] | C157: =SUM(GENERAL!I166,GENERAL!M166,GENERAL!Q166,GENERAL!U166) -> 0
A160: 62 | B160: =GENERAL!B167 -> MRS. PATRICIA; NO PHONE: [Headquarters Member]; [Women of Purpose] | C160: =SUM(GENERAL!I169,GENERAL!M169,GENERAL!Q169,GENERAL!U169) -> 0
... A328: 118 | B328: =GENERAL!B335 -> ESEGHENE; 07046644110: [Headquarters Member]; [Youth of Power and Glory] | C328: =SUM(GENERAL!I337,GENERAL!M337,GENERAL!Q337,GENERAL!U337) -> 0
A331: 120 | B331: =GENERAL!B371 -> BEST; 07065313405: [Headquarters Member]; [Youth of Power and Glory] | C331: =SUM(GENERAL!I340,GENERAL!M340,GENERAL!Q340,GENERAL!U340) -> 0
A334: 122 | B334: =GENERAL!B377 -> EFEAWARHRE BLESSING; 07049564684: [Headquarters Member]; [Youth of Power and Glory] | C334: =SUM(GENERAL!I343,GENERAL!M343,GENERAL!Q343,GENERAL!U343) -> 0
A337: 123 | B337: =GENERAL!B380 -> AMEREKA GODSPOWER; 09011402472: [Headquarters Member]; [Youth of Power and Glory] | C337: =SUM(GENERAL!I346,GENERAL!M346,GENERAL!Q346,GENERAL!U346) -> 0
A340: 124 | B340: =GENERAL!B383 -> ERHARUYI OSAGIE; 08022564429: [Headquarters Member]; [Youth of Power and Glory] | C340: =SUM(GENERAL!I349,GENERAL!M349,GENERAL!Q349,GENERAL!U349) -> 0
A343: 125 | B343: =GENERAL!B386 -> JIMOH BRIGHT; 08052155988: [Headquarters Member]; [Youth of Power and Glory] | C343: =SUM(GENERAL!I352,GENERAL!M352,GENERAL!Q352,GENERAL!U352) -> 0
A346: 126 | B346: =GENERAL!B389 -> NAME; PHONE: [Headquarters Member]; [Youth of Power and Glory] | C346: =SUM(GENERAL!I355,GENERAL!M355,GENERAL!Q355,GENERAL!U355) -> 0
A349: 127 | B349: =GENERAL!B392 -> INEGBE VERA; 09114634367: [Headquarters Member]; [Youth of Power and Glory] | C349: =SUM(GENERAL!I358,GENERAL!M358,GENERAL!Q358,GENERAL!U358) -> 0
A352: 128 | B352: =GENERAL!B395 -> ATANE COURAGE; 09052268276: [Headquarters Member]; [Youth of Power and Glory] | C352: =SUM(GENERAL!I361,GENERAL!M361,GENERAL!Q361,GENERAL!U361) -> 0
A355: 129 | B355: =GENERAL!B398 -> ATANE JOY; 09165656493: [Headquarters Member]; [Youth of Power and Glory] | C355: =SUM(GENERAL!I364,GENERAL!M364,GENERAL!Q364,GENERAL!U364) -> 0
A358: 130 | B358: =GENERAL!B401 -> IDAHOTA PRECIOUS; 08144836505: [Headquarters Member]; [Youth of Power and Glory] | C358: =SUM(GENERAL!I367,GENERAL!M367,GENERAL!Q367,GENERAL!U367) -> 0
A361: 131 | B361: =GENERAL!B404 -> TRUST; 08117028203: [Headquarters Member]; [Youth of Power and Glory] | C361: =SUM(GENERAL!I370,GENERAL!M370,GENERAL!Q370,GENERAL!U370) -> 0
A364: 132 | B364: =GENERAL!B407 -> FAVOUR; 09156464691: [Headquarters Member]; [Youth of Power and Glory] | C364: =SUM(GENERAL!I373,GENERAL!M373,GENERAL!Q373,GENERAL!U373) -> 0
A367: 133 | B367: =GENERAL!B410 -> CHARITY; 07018882497: [Headquarters Member]; [Youth of Power and Glory] | C367: =SUM(GENERAL!I376,GENERAL!M376,GENERAL!Q376,GENERAL!U376) -> 0
... A400: 144 | B400: =GENERAL!B443 -> UKUW T. VICTORY; 09112957011: [Headquarters Member]; [Youth of Power and Glory] | C400: =SUM(GENERAL!I409,GENERAL!M409,GENERAL!Q409,GENERAL!U409) -> 0
A403: 145 | B403: =GENERAL!B449 -> INEGBEDION EHIS; 09039548529: [Headquarters Member]; [Youth of Power and Glory] | C403: =SUM(GENERAL!I412,GENERAL!M412,GENERAL!Q412,GENERAL!U412) -> 0
A406: 146 | B406: =GENERAL!B452 -> NOSA SPLENDOR ; 07031567546: [Headquarters Member]; [Youth of Power and Glory] | C406: =SUM(GENERAL!I415,GENERAL!M415,GENERAL!Q415,GENERAL!U415) -> 0
A409: 147 | B409: =GENERAL!B455 -> MARVELLOUS BRIGHT; 09011816906: [Headquarters Member]; [Youth of Power and Glory] | C409: =SUM(GENERAL!I418,GENERAL!M418,GENERAL!Q418,GENERAL!U418) -> 0
A412: 148 | B412: =GENERAL!B458 -> PROSPER; 09132772715: [Headquarters Member]; [Youth of Power and Glory] | C412: =SUM(GENERAL!I421,GENERAL!M421,GENERAL!Q421,GENERAL!U421) -> 0
A415: 149 | B415: =GENERAL!B461 -> DIGBEDION ATESO; 09069000699: [Headquarters Member]; [Youth of Power and Glory] | C415: =SUM(GENERAL!I424,GENERAL!M424,GENERAL!Q424,GENERAL!U424) -> 0
A418: 150 | B418: =GENERAL!B464 -> JIMOH LUCKY; 08060597582: [Headquarters Member]; [Youth of Power and Glory] | C418: =SUM(GENERAL!I427,GENERAL!M427,GENERAL!Q427,GENERAL!U427) -> 0
A421: 151 | B421: =GENERAL!B467 -> EDUGAELO VICTOR; 08105070675: [Headquarters Member]; [Youth of Power and Glory] | C421: =SUM(GENERAL!I430,GENERAL!M430,GENERAL!Q430,GENERAL!U430) -> 0
A424: 152 | B424: =GENERAL!B470 -> NOSAKHARE BLESSING; 09050078657: [Headquarters Choir]; [Address] | C424: =SUM(GENERAL!I433,GENERAL!M433,GENERAL!Q433,GENERAL!U433) -> 0
A427: 153 | B427: =GENERAL!B473 -> OBAHOR BLESSING 09020677657: [Headquarters Choir]; [Address] | C427: =SUM(GENERAL!I436,GENERAL!M436,GENERAL!Q436,GENERAL!U436) -> 0
A430: 154 | B430: =GENERAL!B476 -> BRO BEST; 07065313405: [Headquarters Usher ]; [AFTER CORNER STONE CHURCH AMAGBA, BENIN CITY] | C430: =SUM(GENERAL!I439,GENERAL!M439,GENERAL!Q439,GENERAL!U439) -> 0
A433: 155 | B433: =GENERAL!B479 -> BRO MORRIS; 0903 350 1577: [Headquarters Usher]; [EVBIOBOGUN SAPELE ROAD, BENIN CITY] | C433: =SUM(GENERAL!I442,GENERAL!M442,GENERAL!Q442,GENERAL!U442) -> 0
A436: 156 | B436: =GENERAL!B482 -> BRO DANIEL; 0901 162 8531: [Headquarters Usher]; [EVBIOBOGUN SAPELE ROAD BENIN CITY] | C436: =SUM(GENERAL!I445,GENERAL!M445,GENERAL!Q445,GENERAL!U445) -> 0
... A463: 165 | B463: =GENERAL!B509 -> IGWE DANIEL; 09069367219: [Headquarters Media]; [ADOLLOR STREET EVBUABOGUN] | C463: =SUM(GENERAL!I472,GENERAL!M472,GENERAL!Q472,GENERAL!U472) -> 0
A466: 166 | B466: =GENERAL!B515 -> IGWE SUNDAY EJIKE; 09034210872: [Headquarters Media]; [Youth of Power and Glory] | C466: =SUM(GENERAL!I517,GENERAL!M517,GENERAL!Q517,GENERAL!U517,GENERAL!Y517) -> 0
A469: 167 | B469: =GENERAL!B518 -> MOSES EMMANUEL; 09163371049: [Headquarters Media]; [NO 5 UGIAGBE STREET OFF EREDIAUWA, SAPELE ROAD] | C469: =SUM(GENERAL!I478,GENERAL!M478,GENERAL!Q478,GENERAL!U478) -> 0
A472: 168 | B472: =GENERAL!B521 -> BRO LUCKY; 09060597582: [Headquarters Media]; [address] | C472: =SUM(GENERAL!I481,GENERAL!M481,GENERAL!Q481,GENERAL!U481) -> 0
A475: 169 | B475: =GENERAL!B524 -> BRO CHARLES AGBONKINA: [Headquarters Security]; [Address] | C475: =SUM(GENERAL!I484,GENERAL!M484,GENERAL!Q484,GENERAL!U484) -> 0
A478: 170 | B478: =GENERAL!B527 -> BRO SAMUEL BASSEY: [Headquarters Security]; [Address] | C478: =SUM(GENERAL!I487,GENERAL!M487,GENERAL!Q487,GENERAL!U487) -> 0
A481: 171 | B481: =GENERAL!B530 -> UZOMA MADUKA: [Headquarters Security]; [Address] | C481: =SUM(GENERAL!I490,GENERAL!M490,GENERAL!Q490,GENERAL!U490) -> 0
A484: 172 | B484: =GENERAL!B533 -> MRS. ELO: [Headquarters Security]; [Address] | C484: =SUM(GENERAL!I493,GENERAL!M493,GENERAL!Q493,GENERAL!U493) -> 0
A487: 173 | B487: =GENERAL!B536 -> BROTHER BEN: [Headquarters Security]; [Address] | C487: =SUM(GENERAL!I496,GENERAL!M496,GENERAL!Q496,GENERAL!U496) -> 0
A490: 174 | B490: =GENERAL!B539 -> MIN VICTOR; 0810507062: [Headquarters Prayer]; [Address] | C490: =SUM(GENERAL!I499,GENERAL!M499,GENERAL!Q499,GENERAL!U499) -> 0
A493: 175 | B493: =GENERAL!B542 -> MIN BRIGHT; 08052155988: [Headquarters Prayer]; [Address] | C493: =SUM(GENERAL!I502,GENERAL!M502,GENERAL!Q502,GENERAL!U502) -> 0
A496: 177 | B496: =GENERAL!B548 -> BRO BENARD: [Headquarters Prayer]; [Address] | C496: =SUM(GENERAL!I505,GENERAL!M505,GENERAL!Q505,GENERAL!U505) -> 0
A499: 178 | B499: =GENERAL!B551 -> BRO GABRIEL: [Headquarters Prayer]; [Address] | C499: =SUM(GENERAL!I508,GENERAL!M508,GENERAL!Q508,GENERAL!U508) -> 0
A502: 179 | B502: =GENERAL!B554 -> BRO OSAGIE: [Headquarters Prayer]; [Address] | C502: =SUM(GENERAL!I511,GENERAL!M511,GENERAL!Q511,GENERAL!U511) -> 0
A505: 181 | B505: =GENERAL!B560 -> MIN BRIGHT; 08052155988: [Headquarters Godly Action]; [Address] | C505: =SUM(GENERAL!I514,GENERAL!M514,GENERAL!Q514,GENERAL!U514) -> 0
A508: 182 | B508: =GENERAL!B563 -> BRO LUCKY; 08116110454: [Headquarters Godly Action]; [Address] | C508: =SUM(GENERAL!I517,GENERAL!M517,GENERAL!Q517,GENERAL!U517) -> 0
A511: 183 | B511: =GENERAL!B566 -> BRO MORRIS; 08071978244: [Headquarters Godly Action]; [Address] | C511: =SUM(GENERAL!I520,GENERAL!M520,GENERAL!Q520,GENERAL!U520) -> 0
A514: 184 | B514: =GENERAL!B569 -> BRO GOD'S POWER; 09011402427: [Headquarters Godly Action]; [Address] | C514: =SUM(GENERAL!I523,GENERAL!M523,GENERAL!Q523,GENERAL!U523) -> 0
...

Sheet GENERAL
A1: , | B1: SPIRIT REALM CENTRE SUNDAY SERVICE ATTENDANCE TRACKER 2025
J2: PRESENT: | L2: ABSENT:
J3: ✔ | L3: A
B6: MEMBER'S INFORMATION | F6: 1ST SUN. 5/01/2025 | J6: 2ND SUN. 12/01/2025 | N6: 3RD SUN. 19/01/2025 | R6: 4TH SUN. 26/01/2025 | V6: 5TH SUN. 00/02/2025
A8: 1 | B8: REV. DR. OSAZE GREAT-ZION, 08188591715; [GO Headquarters]; [Men of Impact]
F10: Present: | G10: =COUNTIF(F8:G9,"✔") -> 0 | H10: Absent: | I10: =COUNTIF(H8:I9,"a") -> 0 | J10: Present: | K10: =COUNTIF(J8:K9,"✔") -> 0 | L10: Absent: | M10: =COUNTIF(L8:M9,"a") -> 0 | N10: Present: | O10: =COUNTIF(N8:O9,"✔") -> 0 | P10: Absent: | Q10: =COUNTIF(P8:Q9,"a") -> 0 | R10: Present: | S10: =COUNTIF(R8:S9,"✔") -> 0 | T10: Absent: | U10: =COUNTIF(T8:U9,"a") -> 0 | V10: Present: | W10: =COUNTIF(V8:W9,"✔") -> 0 | X10: Absent: | Y10: =COUNTIF(X8:Y9,"a") -> 0
A11: 2 | B11: REV. MRS. EDOSA GREAT-ZION; 08034701063; [President, Women of Purpose]
F13: Present: | G13: =COUNTIF(F11:G12,"✔") -> 0 | H13: Absent: | I13: =COUNTIF(H11:I12,"a") -> 0 | J13: Present: | K13: =COUNTIF(J11:K12,"✔") -> 0 | L13: Absent: | M13: =COUNTIF(L11:M12,"a") -> 0 | N13: Present: | O13: =COUNTIF(N11:O12,"✔") -> 0 | P13: Absent: | Q13: =COUNTIF(P11:Q12,"a") -> 0 | R13: Present: | S13: =COUNTIF(R11:S12,"✔") -> 0 | T13: Absent: | U13: =COUNTIF(T11:U12,"a") -> 0 | V13: Present: | W13: =COUNTIF(V11:W12,"✔") -> 0 | X13: Absent: | Y13: =COUNTIF(X11:Y12,"a") -> 0
A14: 3 | B14: PST. RALPH, 08163941615; [EGEDE Extension Pastor]; [Men of Impact]
F16: Present: | G16: =COUNTIF(F14:G15,"✔") -> 0 | H16: Absent: | I16: =COUNTIF(H14:I15,"a") -> 0 | J16: Present: | K16: =COUNTIF(J14:K15,"✔") -> 0 | L16: Absent: | M16: =COUNTIF(L14:M15,"a") -> 0 | N16: Present: | O16: =COUNTIF(N14:O15,"✔") -> 0 | P16: Absent: | Q16: =COUNTIF(P14:Q15,"a") -> 0 | R16: Present: | S16: =COUNTIF(R14:S15,"✔") -> 0 | T16: Absent: | U16: =COUNTIF(T14:U15,"a") -> 0 | V16: Present: | W16: =COUNTIF(V14:W15,"✔") -> 0 | X16: Absent: | Y16: =COUNTIF(X14:Y15,"a") -> 0
A17: 4 | B17: PST. ROMANUS I, 09034788649; [Eweka Extension Pastor]; [Men of Impact]
F19: Present: | G19: =COUNTIF(F17:G18,"✔") -> 0 | H19: Absent: | I19: =COUNTIF(H17:I18,"a") -> 0 | J19: Present: | K19: =COUNTIF(J17:K18,"✔") -> 0 | L19: Absent: | M19: =COUNTIF(L17:M18,"a") -> 0 | N19: Present: | O19: =COUNTIF(N17:O18,"✔") -> 0 | P19: Absent: | Q19: =COUNTIF(P17:Q18,"a") -> 0 | R19: Present: | S19: =COUNTIF(R17:S18,"✔") -> 0 | T19: Absent: | U19: =COUNTIF(T17:U18,"a") -> 0 | V19: Present: | W19: =COUNTIF(V17:W18,"✔") -> 0 | X19: Absent: | Y19: =COUNTIF(X17:Y18,"a") -> 0
B20: PST. SAMUEL, 08066314143; [Extension Pastor]; [Men of Impact]
F22: Present: | G22: =COUNTIF(F20:G21,"✔") -> 0 | H22: Absent: | I22: =COUNTIF(H20:I21,"a") -> 0 | J22: Present: | K22: =COUNTIF(J20:K21,"✔") -> 0 | L22: Absent: | M22: =COUNTIF(L20:M21,"a") -> 0 | N22: Present: | O22: =COUNTIF(N20:O21,"✔") -> 0 | P22: Absent: | Q22: =COUNTIF(P20:Q21,"a") -> 0 | R22: Present: | S22: =COUNTIF(R20:S21,"✔") -> 0 | T22: Absent: | U22: =COUNTIF(T20:U21,"a") -> 0 | V22: Present: | W22: =COUNTIF(V20:W21,"✔") -> 0 | X22: Absent: | Y22: =COUNTIF(X20:Y21,"a") -> 0
B23: DCN. ESTON 08034747107; [Eweka Extension]; [Men of Impact]
F25: Present: | G25: =COUNTIF(F23:G24,"✔") -> 0 | H25: Absent: | I25: =COUNTIF(H23:I24,"a") -> 0 | J25: Present: | K25: =COUNTIF(J23:K24,"✔") -> 0 | L25: Absent: | M25: =COUNTIF(L23:M24,"a") -> 0 | N25: Present: | O25: =COUNTIF(N23:O24,"✔") -> 0 | P25: Absent: | Q25: =COUNTIF(P23:Q24,"a") -> 0 | R25: Present: | S25: =COUNTIF(R23:S24,"✔") -> 0 | T25: Absent: | U25: =COUNTIF(T23:U24,"a") -> 0 | V25: Present: | W25: =COUNTIF(V23:W24,"✔") -> 0 | X25: Absent: | Y25: =COUNTIF(X23:Y24,"a") -> 0
B26: DCN. ABEL 08131940031; [GRA Extension]; [Men of Impact]
F28: Present: | G28: =COUNTIF(F26:G27,"✔") -> 0 | H28: Absent: | I28: =COUNTIF(H26:I27,"a") -> 0 | J28: Present: | K28: =COUNTIF(J26:K27,"✔") -> 0 | L28: Absent: | M28: =COUNTIF(L26:M27,"a") -> 0 | N28: Present: | O28: =COUNTIF(N26:O27,"✔") -> 0 | P28: Absent: | Q28: =COUNTIF(P26:Q27,"a") -> 0 | R28: Present: | S28: =COUNTIF(R26:S27,"✔") -> 0 | T28: Absent: | U28: =COUNTIF(T26:U27,"a") -> 0 | V28: Present: | W28: =COUNTIF(V26:W27,"✔") -> 0 | X28: Absent: | Y28: =COUNTIF(X26:Y27,"a") -> 0
B29: DCN SAM. O 08151215991; [Headquarters, Deacon]; [Men of Impact]
F31: Present: | G31: =COUNTIF(F29:G30,"✔") -> 0 | H31: Absent: | I31: =COUNTIF(H29:I30,"a") -> 0 | J31: Present: | K31: =COUNTIF(J29:K30,"✔") -> 0 | L31: Absent: | M31: =COUNTIF(L29:M30,"a") -> 0 | N31: Present: | O31: =COUNTIF(N29:O30,"✔") -> 0 | P31: Absent: | Q31: =COUNTIF(P29:Q30,"a") -> 0 | R31: Present: | S31: =COUNTIF(R29:S30,"✔") -> 0 | T31: Absent: | U31: =COUNTIF(T29:U30,"a") -> 0 | V31: Present: | W31: =COUNTIF(V29:W30,"✔") -> 0 | X31: Absent: | Y31: =COUNTIF(X29:Y30,"a") -> 0
B32: BRO. JULIUS IMHANA 08108372149; [Headquarters, Men of Impact Chairman]; [Men of Impact]
F34: Present: | G34: =COUNTIF(F32:G33,"✔") -> 0 | H34: Absent: | I34: =COUNTIF(H32:I33,"a") -> 0 | J34: Present: | K34: =COUNTIF(J32:K33,"✔") -> 0 | L34: Absent: | M34: =COUNTIF(L32:M33,"a") -> 0 | N34: Present: | O34: =COUNTIF(N32:O33,"✔") -> 0 | P34: Absent: | Q34: =COUNTIF(P32:Q33,"a") -> 0 | R34: Present: | S34: =COUNTIF(R32:S33,"✔") -> 0 | T34: Absent: | U34: =COUNTIF(T32:U33,"a") -> 0 | V34: Present: | W34: =COUNTIF(V32:W33,"✔") -> 0 | X34: Absent: | Y34: =COUNTIF(X32:Y33,"a") -> 0
B35: BRO. MATTHEW 07053928408: [Headquarters Member]; [Men of Impact]
F37: Present: | G37: =COUNTIF(F35:G36,"✔") -> 0 | H37: Absent: | I37: =COUNTIF(H35:I36,"a") -> 0 | J37: Present: | K37: =COUNTIF(J35:K36,"✔") -> 0 | L37: Absent: | M37: =COUNTIF(L35:M36,"a") -> 0 | N37: Present: | O37: =COUNTIF(N35:O36,"✔") -> 0 | P37: Absent: | Q37: =COUNTIF(P35:Q36,"a") -> 0 | R37: Present: | S37: =COUNTIF(R35:S36,"✔") -> 0 | T37: Absent: | U37: =COUNTIF(T35:U36,"a") -> 0 | V37: Present: | W37: =COUNTIF(V35:W36,"✔") -> 0 | X37: Absent: | Y37: =COUNTIF(X35:Y36,"a") -> 0
B38: BRO. WISDOM 08066120841: [Headquarters Member]; [Men of Impact]
F40: Present: | G40: =COUNTIF(F38:G39,"✔") -> 0 | H40: Absent: | I40: =COUNTIF(H38:I39,"a") -> 0 | J40: Present: | K40: =COUNTIF(J38:K39,"✔") -> 0 | L40: Absent: | M40: =COUNTIF(L38:M39,"a") -> 0 | N40: Present: | O40: =COUNTIF(N38:O39,"✔") -> 0 | P40: Absent: | Q40: =COUNTIF(P38:Q39,"a") -> 0 | R40: Present: | S40: =COUNTIF(R38:S39,"✔") -> 0 | T40: Absent: | U40: =COUNTIF(T38:U39,"a") -> 0 | V40: Present: | W40: =COUNTIF(V38:W39,"✔") -> 0 | X40: Absent: | Y40: =COUNTIF(X38:Y39,"a") -> 0
B41: BRO. GODWIN 07059776499: [Headquarters Member]; [Men of Impact]
F43: Present: | G43: =COUNTIF(F41:G42,"✔") -> 0 | H43: Absent: | I43: =COUNTIF(H41:I42,"a") -> 0 | J43: Present: | K43: =COUNTIF(J41:K42,"✔") -> 0 | L43: Absent: | M43: =COUNTIF(L41:M42,"a") -> 0 | N43: Present: | O43: =COUNTIF(N41:O42,"✔") -> 0 | P43: Absent: | Q43: =COUNTIF(P41:Q42,"a") -> 0 | R43: Present: | S43: =COUNTIF(R41:S42,"✔") -> 0 | T43: Absent: | U43: =COUNTIF(T41:U42,"a") -> 0 | V43: Present: | W43: =COUNTIF(V41:W42,"✔") -> 0 | X43: Absent: | Y43: =COUNTIF(X41:Y42,"a") -> 0
B44: BRO. ALEX KENNEDY 08060299070: [Headquarters Member]; [Men of Impact] | H44: A | L44: A
F46: Present: | G46: =COUNTIF(F44:G45,"✔") -> 0 | H46: Absent: | I46: =COUNTIF(H44:I45,"a") -> 1 | J46: Present: | K46: =COUNTIF(J44:K45,"✔") -> 0 | L46: Absent: | M46: =COUNTIF(L44:M45,"a") -> 1 | N46: Present: | O46: =COUNTIF(N44:O45,"✔") -> 0 | P46: Absent: | Q46: =COUNTIF(P44:Q45,"a") -> 0 | R46: Present: | S46: =COUNTIF(R44:S45,"✔") -> 0 | T46: Absent: | U46: =COUNTIF(T44:U45,"a") -> 0 | V46: Present: | W46: =COUNTIF(V44:W45,"✔") -> 0 | X46: Absent: | Y46: =COUNTIF(X44:Y45,"a") -> 0
B47: BRO. CHARLES 08051921359: [Headquarters Member]; [Men of Impact]
B49: BRO. DANIEL 08108460601: [Headquarters Member]; [Men of Impact] | F49: Present: | G49: =COUNTIF(F47:G48,"✔") -> 0 | H49: Absent: | I49: =COUNTIF(H47:I48,"a") -> 0 | J49: Present: | K49: =COUNTIF(J47:K48,"✔") -> 0 | L49: Absent: | M49: =COUNTIF(L47:M48,"a") -> 0 | N49: Present: | O49: =COUNTIF(N47:O48,"✔") -> 0 | P49: Absent: | Q49: =COUNTIF(P47:Q48,"a") -> 0 | R49: Present: | S49: =COUNTIF(R47:S48,"✔") -> 0 | T49: Absent: | U49: =COUNTIF(T47:U48,"a") -> 0 | V49: Present: | W49: =COUNTIF(V47:W48,"✔") -> 0 | X49: Absent: | Y49: =COUNTIF(X47:Y48,"a") -> 0
B52: BRO. UZOMA 09025797913: [Headquarters Member]; [Men of Impact] | H52: A | L52: A
F54: Present: | G54: =COUNTIF(F52:G53,"✔") -> 0 | H54: Absent: | I54: =COUNTIF(H52:I53,"a") -> 1 | J54: Present: | K54: =COUNTIF(J52:K53,"✔") -> 0 | L54: Absent: | M54: =COUNTIF(L52:M53,"a") -> 1 | N54: Present: | O54: =COUNTIF(N52:O53,"✔") -> 0 | P54: Absent: | Q54: =COUNTIF(P52:Q53,"a") -> 0 | R54: Present: | S54: =COUNTIF(R52:S53,"✔") -> 0 | T54: Absent: | U54: =COUNTIF(T52:U53,"a") -> 0 | V54: Present: | W54: =COUNTIF(V52:W53,"✔") -> 0 | X54: Absent: | Y54: =COUNTIF(X52:Y53,"a") -> 0
B55: BRO. ESOSA I 08058235675: [Headquarters Member]; [Men of Impact] | H55: A | L55: A
F57: Present: | G57: =COUNTIF(F55:G56,"✔") -> 0 | H57: Absent: | I57: =COUNTIF(H55:I56,"a") -> 1 | J57: Present: | K57: =COUNTIF(J55:K56,"✔") -> 0 | L57: Absent: | M57: =COUNTIF(L55:M56,"a") -> 1 | N57: Present: | O57: =COUNTIF(N55:O56,"✔") -> 0 | P57: Absent: | Q57: =COUNTIF(P55:Q56,"a") -> 0 | R57: Present: | S57: =COUNTIF(R55:S56,"✔") -> 0 | T57: Absent: | U57: =COUNTIF(T55:U56,"a") -> 0 | V57: Present: | W57: =COUNTIF(V55:W56,"✔") -> 0 | X57: Absent: | Y57: =COUNTIF(X55:Y56,"a") -> 0
B58: BRO. PAUL ASEMOTA. 08092033463: [Headquarters Member]; [Men of Impact] | H58: A
F60: Present: | G60: =COUNTIF(F58:G59,"✔") -> 0 | H60: Absent: | I60: =COUNTIF(H58:I59,"a") -> 1 | J60: Present: | K60: =COUNTIF(J58:K59,"✔") -> 0 | L60: Absent: | M60: =COUNTIF(L58:M59,"a") -> 0 | N60: Present: | O60: =COUNTIF(N58:O59,"✔") -> 0 | P60: Absent: | Q60: =COUNTIF(P58:Q59,"a") -> 0 | R60: Present: | S60: =COUNTIF(R58:S59,"✔") -> 0 | T60: Absent: | U60: =COUNTIF(T58:U59,"a") -> 0 | V60: Present: | W60: =COUNTIF(V58:W59,"✔") -> 0 | X60: Absent: | Y60: =COUNTIF(X58:Y59,"a") -> 0
B61: BRO. SAMUEL ETIM 07070256353: [Headquarters Member]; [Men of Impact]
F63: Present: | G63: =COUNTIF(F61:G62,"✔") -> 0 | H63: Absent: | I63: =COUNTIF(H61:I62,"a") -> 0 | J63: Present: | K63: =COUNTIF(J61:K62,"✔") -> 0 | L63: Absent: | M63: =COUNTIF(L61:M62,"a") -> 0 | N63: Present: | O63: =COUNTIF(N61:O62,"✔") -> 0 | P63: Absent: | Q63: =COUNTIF(P61:Q62,"a") -> 0 | R63: Present: | S63: =COUNTIF(R61:S62,"✔") -> 0 | T63: Absent: | U63: =COUNTIF(T61:U62,"a") -> 0 | V63: Present: | W63: =COUNTIF(V61:W62,"✔") -> 0 | X63: Absent: | Y63: =COUNTIF(X61:Y62,"a") -> 0
B64: BRO. SUNNY K. 08035981524: [Headquarters Member]; [Men of Impact]
F66: Present: | G66: =COUNTIF(F64:G65,"✔") -> 0 | H66: Absent: | I66: =COUNTIF(H64:I65,"a") -> 0 | J66: Present: | K66: =COUNTIF(J64:K65,"✔") -> 0 | L66: Absent: | M66: =COUNTIF(L64:M65,"a") -> 0 | N66: Present: | O66: =COUNTIF(N64:O65,"✔") -> 0 | P66: Absent: | Q66: =COUNTIF(P64:Q65,"a") -> 0 | R66: Present: | S66: =COUNTIF(R64:S65,"✔") -> 0 | T66: Absent: | U66: =COUNTIF(T64:U65,"a") -> 0 | V66: Present: | W66: =COUNTIF(V64:W65,"✔") -> 0 | X66: Absent: | Y66: =COUNTIF(X64:Y65,"a") -> 0
B67: BRO. PETER AIGBE 08077625088: [Headquarters Member]; [Men of Impact]
F69: Present: | G69: =COUNTIF(F67:G68,"✔") -> 0 | H69: Absent: | I69: =COUNTIF(H67:I68,"a") -> 0 | J69: Present: | K69: =COUNTIF(J67:K68,"✔") -> 0 | L69: Absent: | M69: =COUNTIF(L67:M68,"a") -> 0 | N69: Present: | O69: =COUNTIF(N67:O68,"✔") -> 0 | P69: Absent: | Q69: =COUNTIF(P67:Q68,"a") -> 0 | R69: Present: | S69: =COUNTIF(R67:S68,"✔") -> 0 | T69: Absent: | U69: =COUNTIF(T67:U68,"a") -> 0 | V69: Present: | W69: =COUNTIF(V67:W68,"✔") -> 0 | X69: Absent: | Y69: =COUNTIF(X67:Y68,"a") -> 0
B70: BRO. SUNNY I 09067583446: [Headquarters Member]; [Men of Impact]
F72: Present: | G72: =COUNTIF(F70:G71,"✔") -> 0 | H72: Absent: | I72: =COUNTIF(H70:I71,"a") -> 0 | J72: Present: | K72: =COUNTIF(J70:K71,"✔") -> 0 | L72: Absent: | M72: =COUNTIF(L70:M71,"a") -> 0 | N72: Present: | O72: =COUNTIF(N70:O71,"✔") -> 0 | P72: Absent: | Q72: =COUNTIF(P70:Q71,"a") -> 0 | R72: Present: | S72: =COUNTIF(R70:S71,"✔") -> 0 | T72: Absent: | U72: =COUNTIF(T70:U71,"a") -> 0 | V72: Present: | W72: =COUNTIF(V70:W71,"✔") -> 0 | X72: Absent: | Y72: =COUNTIF(X70:Y71,"a") -> 0
F73: Present: | G73: =COUNTIF(F50:G51,"✔") -> 0 | H73: Absent: | I73: =COUNTIF(H50:I51,"a") -> 0 | J73: Present: | K73: =COUNTIF(J50:K51,"✔") -> 0 | L73: Absent: | M73: =COUNTIF(L50:M51,"a") -> 0 | N73: Present: | O73: =COUNTIF(N50:O51,"✔") -> 0 | P73: Absent: | Q73: =COUNTIF(P50:Q51,"a") -> 0 | R73: Present: | S73: =COUNTIF(R50:S51,"✔") -> 0 | T73: Absent: | U73: =COUNTIF(T50:U51,"a") -> 0 | V73: Present: | W73: =COUNTIF(V50:W51,"✔") -> 0 | X73: Absent: | Y73: =COUNTIF(X50:Y51,"a") -> 0
B74: BRO. BARTHOLOMEW S. 08054897427: [Headquarters Asst. Chairman]; [Men of Impact]
F76: Present: | G76: =COUNTIF(F74:G75,"✔") -> 0 | H76: Absent: | I76: =COUNTIF(H74:I75,"a") -> 0 | J76: Present: | K76: =COUNTIF(J74:K75,"✔") -> 0 | L76: Absent: | M76: =COUNTIF(L74:M75,"a") -> 0 | N76: Present: | O76: =COUNTIF(N74:O75,"✔") -> 0 | P76: Absent: | Q76: =COUNTIF(P74:Q75,"a") -> 0 | R76: Present: | S76: =COUNTIF(R74:S75,"✔") -> 0 | T76: Absent: | U76: =COUNTIF(T74:U75,"a") -> 0 | V76: Present: | W76: =COUNTIF(V74:W75,"✔") -> 0 | X76: Absent: | Y76: =COUNTIF(X74:Y75,"a") -> 0
B77: BRO. MONDAY 09077277209: [Headquarters Member]; [Men of Impact]
F79: Present: | G79: =COUNTIF(F77:G78,"✔") -> 0 | H79: Absent: | I79: =COUNTIF(H77:I78,"a") -> 0 | J79: Present: | K79: =COUNTIF(J77:K78,"✔") -> 0 | L79: Absent: | M79: =COUNTIF(L77:M78,"a") -> 0 | N79: Present: | O79: =COUNTIF(N77:O78,"✔") -> 0 | P79: Absent: | Q79: =COUNTIF(P77:Q78,"a") -> 0 | R79: Present: | S79: =COUNTIF(R77:S78,"✔") -> 0 | T79: Absent: | U79: =COUNTIF(T77:U78,"a") -> 0 | V79: Present: | W79: =COUNTIF(V77:W78,"✔") -> 0 | X79: Absent: | Y79: =COUNTIF(X77:Y78,"a") -> 0
B80: BRO. STEVE AGWEBOR 08143169535: [Headquarters Member]; [Men of Impact]
F82: Present: | G82: =COUNTIF(F80:G81,"✔") -> 0 | H82: Absent: | I82: =COUNTIF(H80:I81,"a") -> 0 | J82: Present: | K82: =COUNTIF(J80:K81,"✔") -> 0 | L82: Absent: | M82: =COUNTIF(L80:M81,"a") -> 0 | N82: Present: | O82: =COUNTIF(N80:O81,"✔") -> 0 | P82: Absent: | Q82: =COUNTIF(P80:Q81,"a") -> 0 | R82: Present: | S82: =COUNTIF(R80:S81,"✔") -> 0 | T82: Absent: | U82: =COUNTIF(T80:U81,"a") -> 0 | V82: Present: | W82: =COUNTIF(V80:W81,"✔") -> 0 | X82: Absent: | Y82: =COUNTIF(X80:Y81,"a") -> 0
B83: BRO. EFOSA 07036845256: [Headquarters Member]; [Men of Impact]
F85: Present: | G85: =COUNTIF(F83:G84,"✔") -> 0 | H85: Absent: | I85: =COUNTIF(H83:I84,"a") -> 0 | J85: Present: | K85: =COUNTIF(J83:K84,"✔") -> 0 | L85: Absent: | M85: =COUNTIF(L83:M84,"a") -> 0 | N85: Present: | O85: =COUNTIF(N83:O84,"✔") -> 0 | P85: Absent: | Q85: =COUNTIF(P83:Q84,"a") -> 0 | R85: Present: | S85: =COUNTIF(R83:S84,"✔") -> 0 | T85: Absent: | U85: =COUNTIF(T83:U84,"a") -> 0 | V85: Present: | W85: =COUNTIF(V83:W84,"✔") -> 0 | X85: Absent: | Y85: =COUNTIF(X83:Y84,"a") -> 0
B86: BRO. THANK-GOD 08111573236: [Headquarters Member]; [Men of Impact]
F88: Present: | G88: =COUNTIF(F86:G87,"✔") -> 0 | H88: Absent: | I88: =COUNTIF(H86:I87,"a") -> 0 | J88: Present: | K88: =COUNTIF(J86:K87,"✔") -> 0 | L88: Absent: | M88: =COUNTIF(L86:M87,"a") -> 0 | N88: Present: | O88: =COUNTIF(N86:O87,"✔") -> 0 | P88: Absent: | Q88: =COUNTIF(P86:Q87,"a") -> 0 | R88: Present: | S88: =COUNTIF(R86:S87,"✔") -> 0 | T88: Absent: | U88: =COUNTIF(T86:U87,"a") -> 0 | V88: Present: | W88: =COUNTIF(V86:W87,"✔") -> 0 | X88: Absent: | Y88: =COUNTIF(X86:Y87,"a") -> 0
B89: BRO. HAPPY I. 08078378791: [Headquarters Member]; [Men of Impact] | H89: A | L89: A
F91: Present: | G91: =COUNTIF(F89:G90,"✔") -> 0 | H91: Absent: | I91: =COUNTIF(H89:I90,"a") -> 1 | J91: Present: | K91: =COUNTIF(J89:K90,"✔") -> 0 | L91: Absent: | M91: =COUNTIF(L89:M90,"a") -> 1 | N91: Present: | O91: =COUNTIF(N89:O90,"✔") -> 0 | P91: Absent: | Q91: =COUNTIF(P89:Q90,"a") -> 0 | R91: Present: | S91: =COUNTIF(R89:S90,"✔") -> 0 | T91: Absent: | U91: =COUNTIF(T89:U90,"a") -> 0 | V91: Present: | W91: =COUNTIF(V89:W90,"✔") -> 0 | X91: Absent: | Y91: =COUNTIF(X89:Y90,"a") -> 0
B92: BRO. VICTOR 08168554928; [Headquarters, Member]; [Men of Impact] | H92: A | L92: A
F94: Present: | G94: =COUNTIF(F92:G93,"✔") -> 0 | H94: Absent: | I94: =COUNTIF(H92:I93,"a") -> 1 | J94: Present: | K94: =COUNTIF(J92:K93,"✔") -> 0 | L94: Absent: | M94: =COUNTIF(L92:M93,"a") -> 1 | N94: Present: | O94: =COUNTIF(N92:O93,"✔") -> 0 | P94: Absent: | Q94: =COUNTIF(P92:Q93,"a") -> 0 | R94: Present: | S94: =COUNTIF(R92:S93,"✔") -> 0 | T94: Absent: | U94: =COUNTIF(T92:U93,"a") -> 0 | V94: Present: | W94: =COUNTIF(V92:W93,"✔") -> 0 | X94: Absent: | Y94: =COUNTIF(X92:Y93,"a") -> 0
B95: BRO. GOODNEWS 08164992804: [Headquarters Member]; [Men of Impact] | H95: A
F97: Present: | G97: =COUNTIF(F95:G96,"✔") -> 0 | H97: Absent: | I97: =COUNTIF(H95:I96,"a") -> 1 | J97: Present: | K97: =COUNTIF(J95:K96,"✔") -> 0 | L97: Absent: | M97: =COUNTIF(L95:M96,"a") -> 0 | N97: Present: | O97: =COUNTIF(N95:O96,"✔") -> 0 | P97: Absent: | Q97: =COUNTIF(P95:Q96,"a") -> 0 | R97: Present: | S97: =COUNTIF(R95:S96,"✔") -> 0 | T97: Absent: | U97: =COUNTIF(T95:U96,"a") -> 0 | V97: Present: | W97: =COUNTIF(V95:W96,"✔") -> 0 | X97: Absent: | Y97: =COUNTIF(X95:Y96,"a") -> 0
B98: BRO. SAMUEL 08139968749: [Headquarters Member]; [Men of Impact] | H98: A | L98: A
F100: Present: | G100: =COUNTIF(F98:G99,"✔") -> 0 | H100: Absent: | I100: =COUNTIF(H98:I99,"a") -> 1 | J100: Present: | K100: =COUNTIF(J98:K99,"✔") -> 0 | L100: Absent: | M100: =COUNTIF(L98:M99,"a") -> 1 | N100: Present: | O100: =COUNTIF(N98:O99,"✔") -> 0 | P100: Absent: | Q100: =COUNTIF(P98:Q99,"a") -> 0 | R100: Present: | S100: =COUNTIF(R98:S99,"✔") -> 0 | T100: Absent: | U100: =COUNTIF(T98:U99,"a") -> 0 | V100: Present: | W100: =COUNTIF(V98:W99,"✔") -> 0 | X100: Absent: | Y100: =COUNTIF(X98:Y99,"a") -> 0
B101: BRO. WISDOM CHIBUIKE 08059091960: [Headquarters Member]; [Men of Impact] | H101: A | L101: A
F103: Present: | G103: =COUNTIF(F101:G102,"✔") -> 0 | H103: Absent: | I103: =COUNTIF(H101:I102,"a") -> 1 | J103: Present: | K103: =COUNTIF(J101:K102,"✔") -> 0 | L103: Absent: | M103: =COUNTIF(L101:M102,"a") -> 1 | N103: Present: | O103: =COUNTIF(N101:O102,"✔") -> 0 | P103: Absent: | Q103: =COUNTIF(P101:Q102,"a") -> 0 | R103: Present: | S103: =COUNTIF(R101:S102,"✔") -> 0 | T103: Absent: | U103: =COUNTIF(T101:U102,"a") -> 0 | V103: Present: | W103: =COUNTIF(V101:W102,"✔") -> 0 | X103: Absent: | Y103: =COUNTIF(X101:Y102,"a") -> 0
B104: BRO. EPA AKPE 08039469795: [Headquarters Member]; [Men of Impact] | H104: A | L104: A
F106: Present: | G106: =COUNTIF(F104:G105,"✔") -> 0 | H106: Absent: | I106: =COUNTIF(H104:I105,"a") -> 1 | J106: Present: | K106: =COUNTIF(J104:K105,"✔") -> 0 | L106: Absent: | M106: =COUNTIF(L104:M105,"a") -> 1 | N106: Present: | O106: =COUNTIF(N104:O105,"✔") -> 0 | P106: Absent: | Q106: =COUNTIF(P104:Q105,"a") -> 0 | R106: Present: | S106: =COUNTIF(R104:S105,"✔") -> 0 | T106: Absent: | U106: =COUNTIF(T104:U105,"a") -> 0 | V106: Present: | W106: =COUNTIF(V104:W105,"✔") -> 0 | X106: Absent: | Y106: =COUNTIF(X104:Y105,"a") -> 0
B107: BRO. SOLOMON 08066599049: [Headquarters Member]; [Men of Impact]
F109: Present: | G109: =COUNTIF(F107:G108,"✔") -> 0 | H109: Absent: | I109: =COUNTIF(H107:I108,"a") -> 0 | J109: Present: | K109: =COUNTIF(J107:K108,"✔") -> 0 | L109: Absent: | M109: =COUNTIF(L107:M108,"a") -> 0 | N109: Present: | O109: =COUNTIF(N107:O108,"✔") -> 0 | P109: Absent: | Q109: =COUNTIF(P107:Q108,"a") -> 0 | R109: Present: | S109: =COUNTIF(R107:S108,"✔") -> 0 | T109: Absent: | U109: =COUNTIF(T107:U108,"a") -> 0 | V109: Present: | W109: =COUNTIF(V107:W108,"✔") -> 0 | X109: Absent: | Y109: =COUNTIF(X107:Y108,"a") -> 0
B110: BRO. PIUS 09032841227: [Headquarters Member]; [Men of Impact] | H110: 8168554928 | L110: A
H111: A
F112: Present: | G112: =COUNTIF(F110:G111,"✔") -> 0 | I112: =COUNTIF(H110:I111,"a") -> 1 | J112: Present: | K112: =COUNTIF(J110:K111,"✔") -> 0 | L112: Absent: | M112: =COUNTIF(L110:M111,"a") -> 1 | N112: Present: | O112: =COUNTIF(N110:O111,"✔") -> 0 | P112: Absent: | Q112: =COUNTIF(P110:Q111,"a") -> 0 | R112: Present: | S112: =COUNTIF(R110:S111,"✔") -> 0 | T112: Absent: | U112: =COUNTIF(T110:U111,"a") -> 0 | V112: Present: | W112: =COUNTIF(V110:W111,"✔") -> 0 | X112: Absent: | Y112: =COUNTIF(X110:Y111,"a") -> 0
B113: BRO. SAMUEL ETIM 07070256353: [Headquarters Member]; [Men of Impact]
F115: Present: | G115: =COUNTIF(F113:G114,"✔") -> 0 | H115: Absent: | I115: =COUNTIF(H113:I114,"a") -> 0 | J115: Present: | K115: =COUNTIF(J113:K114,"✔") -> 0 | L115: Absent: | M115: =COUNTIF(L113:M114,"a") -> 0 | N115: Present: | O115: =COUNTIF(N113:O114,"✔") -> 0 | P115: Absent: | Q115: =COUNTIF(P113:Q114,"a") -> 0 | R115: Present: | S115: =COUNTIF(R113:S114,"✔") -> 0 | T115: Absent: | U115: =COUNTIF(T113:U114,"a") -> 0 | V115: Present: | W115: =COUNTIF(V113:W114,"✔") -> 0 | X115: Absent: | Y115: =COUNTIF(X113:Y114,"a") -> 0
B116: BRO. I.K NJOKU 09153383840: [Headquarters Member]; [Men of Impact] | L116: A
F118: Present: | G118: =COUNTIF(F116:G117,"✔") -> 0 | H118: Absent: | I118: =COUNTIF(H116:I117,"a") -> 0 | J118: Present: | K118: =COUNTIF(J116:K117,"✔") -> 0 | L118: Absent: | M118: =COUNTIF(L116:M117,"a") -> 1 | N118: Present: | O118: =COUNTIF(N116:O117,"✔") -> 0 | P118: Absent: | Q118: =COUNTIF(P116:Q117,"a") -> 0 | R118: Present: | S118: =COUNTIF(R116:S117,"✔") -> 0 | T118: Absent: | U118: =COUNTIF(T116:U117,"a") -> 0 | V118: Present: | W118: =COUNTIF(V116:W117,"✔") -> 0 | X118: Absent: | Y118: =COUNTIF(X116:Y117,"a") -> 0
B119: BRO. STANLEY UKEAGBU 08114510462: [Headquarters Member]; [Men of Impact]
F121: Present: | G121: =COUNTIF(F119:G120,"✔") -> 0 | H121: Absent: | I121: =COUNTIF(H119:I120,"a") -> 0 | J121: Present: | K121: =COUNTIF(J119:K120,"✔") -> 0 | L121: Absent: | M121: =COUNTIF(L119:M120,"a") -> 0 | N121: Present: | O121: =COUNTIF(N119:O120,"✔") -> 0 | P121: Absent: | Q121: =COUNTIF(P119:Q120,"a") -> 0 | R121: Present: | S121: =COUNTIF(R119:S120,"✔") -> 0 | T121: Absent: | U121: =COUNTIF(T119:U120,"a") -> 0 | V121: Present: | W121: =COUNTIF(V119:W120,"✔") -> 0 | X121: Absent: | Y121: =COUNTIF(X119:Y120,"a") -> 0
B122: BRO. EHIS O. 08148808661: [Headquarters Member]; [Men of Impact] | H122: A | L122: A
F124: Present: | G124: =COUNTIF(F122:G123,"✔") -> 0 | H124: Absent: | I124: =COUNTIF(H122:I123,"a") -> 1 | J124: Present: | K124: =COUNTIF(J122:K123,"✔") -> 0 | L124: Absent: | M124: =COUNTIF(L122:M123,"a") -> 1 | N124: Present: | O124: =COUNTIF(N122:O123,"✔") -> 0 | P124: Absent: | Q124: =COUNTIF(P122:Q123,"a") -> 0 | R124: Present: | S124: =COUNTIF(R122:S123,"✔") -> 0 | T124: Absent: | U124: =COUNTIF(T122:U123,"a") -> 0 | V124: Present: | W124: =COUNTIF(V122:W123,"✔") -> 0 | X124: Absent: | Y124: =COUNTIF(X122:Y123,"a") -> 0
B125: BRO. EJIRO O. 07053262080: [Headquarters Member]; [Men of Impact] | L125: A
F127: Present: | G127: =COUNTIF(F125:G126,"✔") -> 0 | H127: Absent: | I127: =COUNTIF(H125:I126,"a") -> 0 | J127: Present: | K127: =COUNTIF(J125:K126,"✔") -> 0 | L127: Absent: | M127: =COUNTIF(L125:M126,"a") -> 1 | N127: Present: | O127: =COUNTIF(N125:O126,"✔") -> 0 | P127: Absent: | Q127: =COUNTIF(P125:Q126,"a") -> 0 | R127: Present: | S127: =COUNTIF(R125:S126,"✔") -> 0 | T127: Absent: | U127: =COUNTIF(T125:U126,"a") -> 0 | V127: Present: | W127: =COUNTIF(V125:W126,"✔") -> 0 | X127: Absent: | Y127: =COUNTIF(X125:Y126,"a") -> 0
B128: BRO. ROGER 08034757329: [Headquarters Member]; [Men of Impact] | H128: A | L128: A
F130: Present: | G130: =COUNTIF(F128:G129,"✔") -> 0 | H130: Absent: | I130: =COUNTIF(H128:I129,"a") -> 1 | J130: Present: | K130: =COUNTIF(J128:K129,"✔") -> 0 | L130: Absent: | M130: =COUNTIF(L128:M129,"a") -> 1 | N130: Present: | O130: =COUNTIF(N128:O129,"✔") -> 0 | P130: Absent: | Q130: =COUNTIF(P128:Q129,"a") -> 0 | R130: Present: | S130: =COUNTIF(R128:S129,"✔") -> 0 | T130: Absent: | U130: =COUNTIF(T128:U129,"a") -> 0 | V130: Present: | W130: =COUNTIF(V128:W129,"✔") -> 0 | X130: Absent: | Y130: =COUNTIF(X128:Y129,"a") -> 0
B131: BRO. FRANCIS (ABROAD) +447388664771: [Headquarters Member]; [Men of Impact] | L131: A
F133: Present: | G133: =COUNTIF(F131:G132,"✔") -> 0 | H133: Absent: | I133: =COUNTIF(H131:I132,"a") -> 0 | J133: Present: | K133: =COUNTIF(J131:K132,"✔") -> 0 | L133: Absent: | M133: =COUNTIF(L131:M132,"a") -> 1 | N133: Present: | O133: =COUNTIF(N131:O132,"✔") -> 0 | P133: Absent: | Q133: =COUNTIF(P131:Q132,"a") -> 0 | R133: Present: | S133: =COUNTIF(R131:S132,"✔") -> 0 | T133: Absent: | U133: =COUNTIF(T131:U132,"a") -> 0 | V133: Present: | W133: =COUNTIF(V131:W132,"✔") -> 0 | X133: Absent: | Y133: =COUNTIF(X131:Y132,"a") -> 0
B134: MRS. ROSELINE NOSAKHARE; 08034701063: [Headquarters Member]; [Women of Purpose]
F136: Present: | G136: =COUNTIF(F134:G135,"✔") -> 0 | H136: Absent: | I136: =COUNTIF(H134:I135,"a") -> 0 | J136: Present: | K136: =COUNTIF(J134:K135,"✔") -> 0 | L136: Absent: | M136: =COUNTIF(L134:M135,"a") -> 0 | N136: Present: | O136: =COUNTIF(N134:O135,"✔") -> 0 | P136: Absent: | Q136: =COUNTIF(P134:Q135,"a") -> 0 | R136: Present: | S136: =COUNTIF(R134:S135,"✔") -> 0 | T136: Absent: | U136: =COUNTIF(T134:U135,"a") -> 0 | V136: Present: | W136: =COUNTIF(V134:W135,"✔") -> 0 | X136: Absent: | Y136: =COUNTIF(X134:Y135,"a") -> 0
B137: GRACE ALRUSI; NO PHONE: [Headquarters Member]; [Women of Purpose]
F139: Present: | G139: =COUNTIF(F137:G138,"✔") -> 0 | H139: Absent: | I139: =COUNTIF(H137:I138,"a") -> 0 | J139: Present: | K139: =COUNTIF(J137:K138,"✔") -> 0 | L139: Absent: | M139: =COUNTIF(L137:M138,"a") -> 0 | N139: Present: | O139: =COUNTIF(N137:O138,"✔") -> 0 | P139: Absent: | Q139: =COUNTIF(P137:Q138,"a") -> 0 | R139: Present: | S139: =COUNTIF(R137:S138,"✔") -> 0 | T139: Absent: | U139: =COUNTIF(T137:U138,"a") -> 0 | V139: Present: | W139: =COUNTIF(V137:W138,"✔") -> 0 | X139: Absent: | Y139: =COUNTIF(X137:Y138,"a") -> 0
B140: MAMA JUNIOR; 0906686813: [Headquarters Member]; [Women of Purpose]
F142: Present: | G142: =COUNTIF(F140:G141,"✔") -> 0 | H142: Absent: | I142: =COUNTIF(H140:I141,"a") -> 0 | J142: Present: | K142: =COUNTIF(J140:K141,"✔") -> 0 | L142: Absent: | M142: =COUNTIF(L140:M141,"a") -> 0 | N142: Present: | O142: =COUNTIF(N140:O141,"✔") -> 0 | P142: Absent: | Q142: =COUNTIF(P140:Q141,"a") -> 0 | R142: Present: | S142: =COUNTIF(R140:S141,"✔") -> 0 | T142: Absent: | U142: =COUNTIF(T140:U141,"a") -> 0 | V142: Present: | W142: =COUNTIF(V140:W141,"✔") -> 0 | X142: Absent: | Y142: =COUNTIF(X140:Y141,"a") -> 0
B143: MRS. CLEMENT; 09131528956: [Headquarters Member]; [Women of Purpose]
F145: Present: | G145: =COUNTIF(F143:G144,"✔") -> 0 | H145: Absent: | I145: =COUNTIF(H143:I144,"a") -> 0 | J145: Present: | K145: =COUNTIF(J143:K144,"✔") -> 0 | L145: Absent: | M145: =COUNTIF(L143:M144,"a") -> 0 | N145: Present: | O145: =COUNTIF(N143:O144,"✔") -> 0 | P145: Absent: | Q145: =COUNTIF(P143:Q144,"a") -> 0 | R145: Present: | S145: =COUNTIF(R143:S144,"✔") -> 0 | T145: Absent: | U145: =COUNTIF(T143:U144,"a") -> 0 | V145: Present: | W145: =COUNTIF(V143:W144,"✔") -> 0 | X145: Absent: | Y145: =COUNTIF(X143:Y144,"a") -> 0
B146: MAMA HAPPY (ELO FRANCIS); 07065345165: [Headquarters Member]; [Women of Purpose]
F148: Present: | G148: =COUNTIF(F146:G147,"✔") -> 0 | H148: Absent: | I148: =COUNTIF(H146:I147,"a") -> 0 | J148: Present: | K148: =COUNTIF(J146:K147,"✔") -> 0 | L148: Absent: | M148: =COUNTIF(L146:M147,"a") -> 0 | N148: Present: | O148: =COUNTIF(N146:O147,"✔") -> 0 | P148: Absent: | Q148: =COUNTIF(P146:Q147,"a") -> 0 | R148: Present: | S148: =COUNTIF(R146:S147,"✔") -> 0 | T148: Absent: | U148: =COUNTIF(T146:U147,"a") -> 0 | V148: Present: | W148: =COUNTIF(V146:W147,"✔") -> 0 | X148: Absent: | Y148: =COUNTIF(X146:Y147,"a") -> 0
B149: MRS. AGBUSA (SNR); NO PHONE: [Headquarters Member]; [Women of Purpose]
F151: Present: | G151: =COUNTIF(F149:G150,"✔") -> 0 | H151: Absent: | I151: =COUNTIF(H149:I150,"a") -> 0 | J151: Present: | K151: =COUNTIF(J149:K150,"✔") -> 0 | L151: Absent: | M151: =COUNTIF(L149:M150,"a") -> 0 | N151: Present: | O151: =COUNTIF(N149:O150,"✔") -> 0 | P151: Absent: | Q151: =COUNTIF(P149:Q150,"a") -> 0 | R151: Present: | S151: =COUNTIF(R149:S150,"✔") -> 0 | T151: Absent: | U151: =COUNTIF(T149:U150,"a") -> 0 | V151: Present: | W151: =COUNTIF(V149:W150,"✔") -> 0 | X151: Absent: | Y151: =COUNTIF(X149:Y150,"a") -> 0
...

Sheet MUSIC
B1: SPIRIT REALM CENTRE SUNDAY SERVICE ATTENDANCE TRACKER 2024
J2: PRESENT: | L2: ABSENT:
J3: ✔ | L3: A
B6: MEMBER'S INFORMATION | F6: 1ST SUN. 6/10/2024 | J6: 2ND SUN. 13/10/2024 | N6: 3RD SUN. 20/10/2024 | R6: 4TH SUN. 27/10/2024 | V6: 5 H SUN.
B8: NOSAKHARE BLESSING; 09050078657: [Headquarters Choir]; [Address]
F10: Present: | G10: =COUNTIF(F8:G9,"✔") -> 0 | H10: Absent: | I10: =COUNTIF(H8:I9,"a") -> 0 | J10: Present: | K10: =COUNTIF(J8:K9,"✔") -> 0 | L10: Absent: | M10: =COUNTIF(L8:M9,"a") -> 0 | N10: Present: | O10: =COUNTIF(N8:O9,"✔") -> 0 | P10: Absent: | Q10: =COUNTIF(P8:Q9,"a") -> 0 | R10: Present: | S10: =COUNTIF(R8:S9,"✔") -> 0 | T10: Absent: | U10: =COUNTIF(T8:U9,"a") -> 0 | V10: Present: | W10: =COUNTIF(V8:W9,"✔") -> 0 | X10: Absent: | Y10: =COUNTIF(X8:Y9,"a") -> 0
B11: OBAHOR BLESSING 09020677657: [Headquarters Choir]; [Address]
F13: Present: | G13: =COUNTIF(F11:G12,"✔") -> 0 | H13: Absent: | I13: =COUNTIF(H11:I12,"a") -> 0 | J13: Present: | K13: =COUNTIF(J11:K12,"✔") -> 0 | L13: Absent: | M13: =COUNTIF(L11:M12,"a") -> 0 | N13: Present: | O13: =COUNTIF(N11:O12,"✔") -> 0 | P13: Absent: | Q13: =COUNTIF(P11:Q12,"a") -> 0 | R13: Present: | S13: =COUNTIF(R11:S12,"✔") -> 0 | T13: Absent: | U13: =COUNTIF(T11:U12,"a") -> 0 | V13: Present: | W13: =COUNTIF(V11:W12,"✔") -> 0 | X13: Absent: | Y13: =COUNTIF(X11:Y12,"a") -> 0
B14: OTABOR BLESSING; 09156464691: [Headquarters Member]; [Choir]
F16: Present: | G16: =COUNTIF(F14:G15,"✔") -> 0 | H16: Absent: | I16: =COUNTIF(H14:I15,"a") -> 0 | J16: Present: | K16: =COUNTIF(J14:K15,"✔") -> 0 | L16: Absent: | M16: =COUNTIF(L14:M15,"a") -> 0 | N16: Present: | O16: =COUNTIF(N14:O15,"✔") -> 0 | P16: Absent: | Q16: =COUNTIF(P14:Q15,"a") -> 0 | R16: Present: | S16: =COUNTIF(R14:S15,"✔") -> 0 | T16: Absent: | U16: =COUNTIF(T14:U15,"a") -> 0 | V16: Present: | W16: =COUNTIF(V14:W15,"✔") -> 0 | X16: Absent: | Y16: =COUNTIF(X14:Y15,"a") -> 0
B17: OREDIA VICTORY; 08144836505: [Headquarters Member]; [Choir]
F19: Present: | G19: =COUNTIF(F17:G18,"✔") -> 0 | H19: Absent: | I19: =COUNTIF(H17:I18,"a") -> 0 | J19: Present: | K19: =COUNTIF(J17:K18,"✔") -> 0 | L19: Absent: | M19: =COUNTIF(L17:M18,"a") -> 0 | N19: Present: | O19: =COUNTIF(N17:O18,"✔") -> 0 | P19: Absent: | Q19: =COUNTIF(P17:Q18,"a") -> 0 | R19: Present: | S19: =COUNTIF(R17:S18,"✔") -> 0 | T19: Absent: | U19: =COUNTIF(T17:U18,"a") -> 0 | V19: Present: | W19: =COUNTIF(V17:W18,"✔") -> 0 | X19: Absent: | Y19: =COUNTIF(X17:Y18,"a") -> 0
B20: SIS COURAGE ATANE; 09052268276: [Headquarters Member]; [Choir]
F22: Present: | G22: =COUNTIF(F20:G21,"✔") -> 0 | H22: Absent: | I22: =COUNTIF(H20:I21,"a") -> 0 | J22: Present: | K22: =COUNTIF(J20:K21,"✔") -> 0 | L22: Absent: | M22: =COUNTIF(L20:M21,"a") -> 0 | N22: Present: | O22: =COUNTIF(N20:O21,"✔") -> 0 | P22: Absent: | Q22: =COUNTIF(P20:Q21,"a") -> 0 | R22: Present: | S22: =COUNTIF(R20:S21,"✔") -> 0 | T22: Absent: | U22: =COUNTIF(T20:U21,"a") -> 0 | V22: Present: | W22: =COUNTIF(V20:W21,"✔") -> 0 | X22: Absent: | Y22: =COUNTIF(X20:Y21,"a") -> 0
B23: ATANE JOY; 09165656493: [Headquarters Member]; [Choir]
F25: Present: | G25: =COUNTIF(F23:G24,"✔") -> 0 | H25: Absent: | I25: =COUNTIF(H23:I24,"a") -> 0 | J25: Present: | K25: =COUNTIF(J23:K24,"✔") -> 0 | L25: Absent: | M25: =COUNTIF(L23:M24,"a") -> 0 | N25: Present: | O25: =COUNTIF(N23:O24,"✔") -> 0 | P25: Absent: | Q25: =COUNTIF(P23:Q24,"a") -> 0 | R25: Present: | S25: =COUNTIF(R23:S24,"✔") -> 0 | T25: Absent: | U25: =COUNTIF(T23:U24,"a") -> 0 | V25: Present: | W25: =COUNTIF(V23:W24,"✔") -> 0 | X25: Absent: | Y25: =COUNTIF(X23:Y24,"a") -> 0
B26: SIS PRAISE ILEGBEJIE: [Headquarters Member]; [Choir]
F28: Present: | G28: =COUNTIF(F26:G27,"✔") -> 0 | H28: Absent: | I28: =COUNTIF(H26:I27,"a") -> 0 | J28: Present: | K28: =COUNTIF(J26:K27,"✔") -> 0 | L28: Absent: | M28: =COUNTIF(L26:M27,"a") -> 0 | N28: Present: | O28: =COUNTIF(N26:O27,"✔") -> 0 | P28: Absent: | Q28: =COUNTIF(P26:Q27,"a") -> 0 | R28: Present: | S28: =COUNTIF(R26:S27,"✔") -> 0 | T28: Absent: | U28: =COUNTIF(T26:U27,"a") -> 0 | V28: Present: | W28: =COUNTIF(V26:W27,"✔") -> 0 | X28: Absent: | Y28: =COUNTIF(X26:Y27,"a") -> 0
B29: SIS UGBEKILE FAITH; 0901216393: [Headquarters Member]; [Choir]
F31: Present: | G31: =COUNTIF(F29:G30,"✔") -> 0 | H31: Absent: | I31: =COUNTIF(H29:I30,"a") -> 0 | J31: Present: | K31: =COUNTIF(J29:K30,"✔") -> 0 | L31: Absent: | M31: =COUNTIF(L29:M30,"a") -> 0 | N31: Present: | O31: =COUNTIF(N29:O30,"✔") -> 0 | P31: Absent: | Q31: =COUNTIF(P29:Q30,"a") -> 0 | R31: Present: | S31: =COUNTIF(R29:S30,"✔") -> 0 | T31: Absent: | U31: =COUNTIF(T29:U30,"a") -> 0 | V31: Present: | W31: =COUNTIF(V29:W30,"✔") -> 0 | X31: Absent: | Y31: =COUNTIF(X29:Y30,"a") -> 0
B32: DESTINY (D.V); 07026612509: [Headquarters Member]; [Choir]
F34: Present: | G34: =COUNTIF(F32:G33,"✔") -> 0 | H34: Absent: | I34: =COUNTIF(H32:I33,"a") -> 0 | J34: Present: | K34: =COUNTIF(J32:K33,"✔") -> 0 | L34: Absent: | M34: =COUNTIF(L32:M33,"a") -> 0 | N34: Present: | O34: =COUNTIF(N32:O33,"✔") -> 0 | P34: Absent: | Q34: =COUNTIF(P32:Q33,"a") -> 0 | R34: Present: | S34: =COUNTIF(R32:S33,"✔") -> 0 | T34: Absent: | U34: =COUNTIF(T32:U33,"a") -> 0 | V34: Present: | W34: =COUNTIF(V32:W33,"✔") -> 0 | X34: Absent: | Y34: =COUNTIF(X32:Y33,"a") -> 0
B35: TRUST; 08117028203: [Headquarters Member]; [Choir]
F37: Present: | G37: =COUNTIF(F35:G36,"✔") -> 0 | H37: Absent: | I37: =COUNTIF(H35:I36,"a") -> 0 | J37: Present: | K37: =COUNTIF(J35:K36,"✔") -> 0 | L37: Absent: | M37: =COUNTIF(L35:M36,"a") -> 0 | N37: Present: | O37: =COUNTIF(N35:O36,"✔") -> 0 | P37: Absent: | Q37: =COUNTIF(P35:Q36,"a") -> 0 | R37: Present: | S37: =COUNTIF(R35:S36,"✔") -> 0 | T37: Absent: | U37: =COUNTIF(T35:U36,"a") -> 0 | V37: Present: | W37: =COUNTIF(V35:W36,"✔") -> 0 | X37: Absent: | Y37: =COUNTIF(X35:Y36,"a") -> 0
B38: HAPPY EDAHOR: [Headquarters Member]; [Choir]
F40: Present: | G40: =COUNTIF(F38:G39,"✔") -> 0 | H40: Absent: | I40: =COUNTIF(H38:I39,"a") -> 0 | J40: Present: | K40: =COUNTIF(J38:K39,"✔") -> 0 | L40: Absent: | M40: =COUNTIF(L38:M39,"a") -> 0 | N40: Present: | O40: =COUNTIF(N38:O39,"✔") -> 0 | P40: Absent: | Q40: =COUNTIF(P38:Q39,"a") -> 0 | R40: Present: | S40: =COUNTIF(R38:S39,"✔") -> 0 | T40: Absent: | U40: =COUNTIF(T38:U39,"a") -> 0 | V40: Present: | W40: =COUNTIF(V38:W39,"✔") -> 0 | X40: Absent: | Y40: =COUNTIF(X38:Y39,"a") -> 0
B41: BRO OSAGIE: [Headquarters Choir]; [Address]
F43: Present: | G43: =COUNTIF(F41:G42,"✔") -> 0 | H43: Absent: | I43: =COUNTIF(H41:I42,"a") -> 0 | J43: Present: | K43: =COUNTIF(J41:K42,"✔") -> 0 | L43: Absent: | M43: =COUNTIF(L41:M42,"a") -> 0 | N43: Present: | O43: =COUNTIF(N41:O42,"✔") -> 0 | P43: Absent: | Q43: =COUNTIF(P41:Q42,"a") -> 0 | R43: Present: | S43: =COUNTIF(R41:S42,"✔") -> 0 | T43: Absent: | U43: =COUNTIF(T41:U42,"a") -> 0 | V43: Present: | W43: =COUNTIF(V41:W42,"✔") -> 0 | X43: Absent: | Y43: =COUNTIF(X41:Y42,"a") -> 0
B44: SIS PRAISE AIGBOSE: [Headquarters Member]; [Choir]
F46: Present: | G46: =COUNTIF(F44:G45,"✔") -> 0 | H46: Absent: | I46: =COUNTIF(H44:I45,"a") -> 0 | J46: Present: | K46: =COUNTIF(J44:K45,"✔") -> 0 | L46: Absent: | M46: =COUNTIF(L44:M45,"a") -> 0 | N46: Present: | O46: =COUNTIF(N44:O45,"✔") -> 0 | P46: Absent: | Q46: =COUNTIF(P44:Q45,"a") -> 0 | R46: Present: | S46: =COUNTIF(R44:S45,"✔") -> 0 | T46: Absent: | U46: =COUNTIF(T44:U45,"a") -> 0 | V46: Present: | W46: =COUNTIF(V44:W45,"✔") -> 0 | X46: Absent: | Y46: =COUNTIF(X44:Y45,"a") -> 0
B47: NOSA SPLENDOR ; 07031567546: [Headquarters Member]; [Choir]
F49: Present: | G49: =COUNTIF(F47:G48,"✔") -> 0 | H49: Absent: | I49: =COUNTIF(H47:I48,"a") -> 0 | J49: Present: | K49: =COUNTIF(J47:K48,"✔") -> 0 | L49: Absent: | M49: =COUNTIF(L47:M48,"a") -> 0 | N49: Present: | O49: =COUNTIF(N47:O48,"✔") -> 0 | P49: Absent: | Q49: =COUNTIF(P47:Q48,"a") -> 0 | R49: Present: | S49: =COUNTIF(R47:S48,"✔") -> 0 | T49: Absent: | U49: =COUNTIF(T47:U48,"a") -> 0 | V49: Present: | W49: =COUNTIF(V47:W48,"✔") -> 0 | X49: Absent: | Y49: =COUNTIF(X47:Y48,"a") -> 0
B50: DESTINY OSABOKAM; 07026612509: [Headquarters Member]; [Choir]
F52: Present: | G52: =COUNTIF(F50:G51,"✔") -> 0 | H52: Absent: | I52: =COUNTIF(H50:I51,"a") -> 0 | J52: Present: | K52: =COUNTIF(J50:K51,"✔") -> 0 | L52: Absent: | M52: =COUNTIF(L50:M51,"a") -> 0 | N52: Present: | O52: =COUNTIF(N50:O51,"✔") -> 0 | P52: Absent: | Q52: =COUNTIF(P50:Q51,"a") -> 0 | R52: Present: | S52: =COUNTIF(R50:S51,"✔") -> 0 | T52: Absent: | U52: =COUNTIF(T50:U51,"a") -> 0 | V52: Present: | W52: =COUNTIF(V50:W51,"✔") -> 0 | X52: Absent: | Y52: =COUNTIF(X50:Y51,"a") -> 0

Sheet USHERS
B1: SPIRIT REALM CENTRE SUNDAY SERVICE ATTENDANCE TRACKER 2024
J2: PRESENT: | L2: ABSENT:
J3: ✔ | L3: A
B6: MEMBER'S INFORMATION | F6: 1ST SUN. 6/10/2024 | J6: 2ND SUN. 13/10/2024 | N6: 3RD SUN. 20/10/2024 | R6: 4TH SUN. 27/10/2024 | V6: 5 H SUN.
B8: BRO BEST; 07065313405: [Headquarters Usher ]; [AFTER CORNER STONE CHURCH AMAGBA, BENIN CITY]
F10: Present: | G10: =COUNTIF(F8:G9,"✔") -> 0 | H10: Absent: | I10: =COUNTIF(H8:I9,"a") -> 0 | J10: Present: | K10: =COUNTIF(J8:K9,"✔") -> 0 | L10: Absent: | M10: =COUNTIF(L8:M9,"a") -> 0 | N10: Present: | O10: =COUNTIF(N8:O9,"✔") -> 0 | P10: Absent: | Q10: =COUNTIF(P8:Q9,"a") -> 0 | R10: Present: | S10: =COUNTIF(R8:S9,"✔") -> 0 | T10: Absent: | U10: =COUNTIF(T8:U9,"a") -> 0 | V10: Present: | W10: =COUNTIF(V8:W9,"✔") -> 0 | X10: Absent: | Y10: =COUNTIF(X8:Y9,"a") -> 0
B11: BRO MORRIS; 0903 350 1577: [Headquarters Usher]; [EVBIOBOGUN SAPELE ROAD, BENIN CITY]
F13: Present: | G13: =COUNTIF(F11:G12,"✔") -> 0 | H13: Absent: | I13: =COUNTIF(H11:I12,"a") -> 0 | J13: Present: | K13: =COUNTIF(J11:K12,"✔") -> 0 | L13: Absent: | M13: =COUNTIF(L11:M12,"a") -> 0 | N13: Present: | O13: =COUNTIF(N11:O12,"✔") -> 0 | P13: Absent: | Q13: =COUNTIF(P11:Q12,"a") -> 0 | R13: Present: | S13: =COUNTIF(R11:S12,"✔") -> 0 | T13: Absent: | U13: =COUNTIF(T11:U12,"a") -> 0 | V13: Present: | W13: =COUNTIF(V11:W12,"✔") -> 0 | X13: Absent: | Y13: =COUNTIF(X11:Y12,"a") -> 0
B14: BRO DANIEL; 0901 162 8531: [Headquarters Usher]; [EVBIOBOGUN SAPELE ROAD BENIN CITY]
F16: Present: | G16: =COUNTIF(F14:G15,"✔") -> 0 | H16: Absent: | I16: =COUNTIF(H14:I15,"a") -> 0 | J16: Present: | K16: =COUNTIF(J14:K15,"✔") -> 0 | L16: Absent: | M16: =COUNTIF(L14:M15,"a") -> 0 | N16: Present: | O16: =COUNTIF(N14:O15,"✔") -> 0 | P16: Absent: | Q16: =COUNTIF(P14:Q15,"a") -> 0 | R16: Present: | S16: =COUNTIF(R14:S15,"✔") -> 0 | T16: Absent: | U16: =COUNTIF(T14:U15,"a") -> 0 | V16: Present: | W16: =COUNTIF(V14:W15,"✔") -> 0 | X16: Absent: | Y16: =COUNTIF(X14:Y15,"a") -> 0
B17: BRO BRIGHT; 0805 215 5988: [Headquarters Usher]; [UNITY STREET OFF ERADIAWA / SAPELE ROAD BENIN CITY]
F19: Present: | G19: =COUNTIF(F17:G18,"✔") -> 0 | H19: Absent: | I19: =COUNTIF(H17:I18,"a") -> 0 | J19: Present: | K19: =COUNTIF(J17:K18,"✔") -> 0 | L19: Absent: | M19: =COUNTIF(L17:M18,"a") -> 0 | N19: Present: | O19: =COUNTIF(N17:O18,"✔") -> 0 | P19: Absent: | Q19: =COUNTIF(P17:Q18,"a") -> 0 | R19: Present: | S19: =COUNTIF(R17:S18,"✔") -> 0 | T19: Absent: | U19: =COUNTIF(T17:U18,"a") -> 0 | V19: Present: | W19: =COUNTIF(V17:W18,"✔") -> 0 | X19: Absent: | Y19: =COUNTIF(X17:Y18,"a") -> 0
B20: BRO SUNDAY; 0906 758 3446: [Headquarters Usher]; [OFF OKHABARE SAPELE ROAD BENIN CITY]
F22: Present: | G22: =COUNTIF(F20:G21,"✔") -> 0 | H22: Absent: | I22: =COUNTIF(H20:I21,"a") -> 0 | J22: Present: | K22: =COUNTIF(J20:K21,"✔") -> 0 | L22: Absent: | M22: =COUNTIF(L20:M21,"a") -> 0 | N22: Present: | O22: =COUNTIF(N20:O21,"✔") -> 0 | P22: Absent: | Q22: =COUNTIF(P20:Q21,"a") -> 0 | R22: Present: | S22: =COUNTIF(R20:S21,"✔") -> 0 | T22: Absent: | U22: =COUNTIF(T20:U21,"a") -> 0 | V22: Present: | W22: =COUNTIF(V20:W21,"✔") -> 0 | X22: Absent: | Y22: =COUNTIF(X20:Y21,"a") -> 0
B23: BRO SUNNY; 0904 982 9594: [Headquarters Usher]; [ALONG ERADIAWA SAPKONBA ROAD BENIN CITY]
F25: Present: | G25: =COUNTIF(F23:G24,"✔") -> 0 | H25: Absent: | I25: =COUNTIF(H23:I24,"a") -> 0 | J25: Present: | K25: =COUNTIF(J23:K24,"✔") -> 0 | L25: Absent: | M25: =COUNTIF(L23:M24,"a") -> 0 | N25: Present: | O25: =COUNTIF(N23:O24,"✔") -> 0 | P25: Absent: | Q25: =COUNTIF(P23:Q24,"a") -> 0 | R25: Present: | S25: =COUNTIF(R23:S24,"✔") -> 0 | T25: Absent: | U25: =COUNTIF(T23:U24,"a") -> 0 | V25: Present: | W25: =COUNTIF(V23:W24,"✔") -> 0 | X25: Absent: | Y25: =COUNTIF(X23:Y24,"a") -> 0
B26: BRO GODWIN; 0705 977 6499: [Headquarters Usher]; [UROHO COMMUNITY OFF SAPELE ROAD BYPASS BENIN CITY]
F28: Present: | G28: =COUNTIF(F26:G27,"✔") -> 0 | H28: Absent: | I28: =COUNTIF(H26:I27,"a") -> 0 | J28: Present: | K28: =COUNTIF(J26:K27,"✔") -> 0 | L28: Absent: | M28: =COUNTIF(L26:M27,"a") -> 0 | N28: Present: | O28: =COUNTIF(N26:O27,"✔") -> 0 | P28: Absent: | Q28: =COUNTIF(P26:Q27,"a") -> 0 | R28: Present: | S28: =COUNTIF(R26:S27,"✔") -> 0 | T28: Absent: | U28: =COUNTIF(T26:U27,"a") -> 0 | V28: Present: | W28: =COUNTIF(V26:W27,"✔") -> 0 | X28: Absent: | Y28: =COUNTIF(X26:Y27,"a") -> 0
B29: BRO GOD'SPOWER; 09011402472: [Headquarters Usher]; [OFF 2ND ERADIAWA LANE, ALONG ERADIAWA SAPELE ROAD, BENIN CITY]
F31: Present: | G31: =COUNTIF(F29:G30,"✔") -> 0 | H31: Absent: | I31: =COUNTIF(H29:I30,"a") -> 0 | J31: Present: | K31: =COUNTIF(J29:K30,"✔") -> 0 | L31: Absent: | M31: =COUNTIF(L29:M30,"a") -> 0 | N31: Present: | O31: =COUNTIF(N29:O30,"✔") -> 0 | P31: Absent: | Q31: =COUNTIF(P29:Q30,"a") -> 0 | R31: Present: | S31: =COUNTIF(R29:S30,"✔") -> 0 | T31: Absent: | U31: =COUNTIF(T29:U30,"a") -> 0 | V31: Present: | W31: =COUNTIF(V29:W30,"✔") -> 0 | X31: Absent: | Y31: =COUNTIF(X29:Y30,"a") -> 0
B32: SIS MERCY; 0813 669 2754: [Headquarters Usher]; [OFF OMOZEE STREET, ERADIAWA / SAPELE ROAD BENIN CITY]
F34: Present: | G34: =COUNTIF(F32:G33,"✔") -> 0 | H34: Absent: | I34: =COUNTIF(H32:I33,"a") -> 0 | J34: Present: | K34: =COUNTIF(J32:K33,"✔") -> 0 | L34: Absent: | M34: =COUNTIF(L32:M33,"a") -> 0 | N34: Present: | O34: =COUNTIF(N32:O33,"✔") -> 0 | P34: Absent: | Q34: =COUNTIF(P32:Q33,"a") -> 0 | R34: Present: | S34: =COUNTIF(R32:S33,"✔") -> 0 | T34: Absent: | U34: =COUNTIF(T32:U33,"a") -> 0 | V34: Present: | W34: =COUNTIF(V32:W33,"✔") -> 0 | X34: Absent: | Y34: =COUNTIF(X32:Y33,"a") -> 0
B35: SIS GOD'S LOVE; 09072995858: [Headquarters Usher]; [OFF TONGO, ERADIAWA / SAPKONBA ROAD BENIN CITY]
F37: Present: | G37: =COUNTIF(F35:G36,"✔") -> 0 | H37: Absent: | I37: =COUNTIF(H35:I36,"a") -> 0 | J37: Present: | K37: =COUNTIF(J35:K36,"✔") -> 0 | L37: Absent: | M37: =COUNTIF(L35:M36,"a") -> 0 | N37: Present: | O37: =COUNTIF(N35:O36,"✔") -> 0 | P37: Absent: | Q37: =COUNTIF(P35:Q36,"a") -> 0 | R37: Present: | S37: =COUNTIF(R35:S36,"✔") -> 0 | T37: Absent: | U37: =COUNTIF(T35:U36,"a") -> 0 | V37: Present: | W37: =COUNTIF(V35:W36,"✔") -> 0 | X37: Absent: | Y37: =COUNTIF(X35:Y36,"a") -> 0
B38: MAMA MUDIA; 0907 197 1344: [Headquarters Usher]; [COUNTRY HOME ROAD, SAPELE ROAD BENIN CITY]
F40: Present: | G40: =COUNTIF(F38:G39,"✔") -> 0 | H40: Absent: | I40: =COUNTIF(H38:I39,"a") -> 0 | J40: Present: | K40: =COUNTIF(J38:K39,"✔") -> 0 | L40: Absent: | M40: =COUNTIF(L38:M39,"a") -> 0 | N40: Present: | O40: =COUNTIF(N38:O39,"✔") -> 0 | P40: Absent: | Q40: =COUNTIF(P38:Q39,"a") -> 0 | R40: Present: | S40: =COUNTIF(R38:S39,"✔") -> 0 | T40: Absent: | U40: =COUNTIF(T38:U39,"a") -> 0 | V40: Present: | W40: =COUNTIF(V38:W39,"✔") -> 0 | X40: Absent: | Y40: =COUNTIF(X38:Y39,"a") -> 0
B41: BRO. MONDAY OKPUNWAN; 09066459333: [Headquarters Usher]; [ BENIN CITY]
F43: Present: | G43: =COUNTIF(F41:G42,"✔") -> 0 | H43: Absent: | I43: =COUNTIF(H41:I42,"a") -> 0 | J43: Present: | K43: =COUNTIF(J41:K42,"✔") -> 0 | L43: Absent: | M43: =COUNTIF(L41:M42,"a") -> 0 | N43: Present: | O43: =COUNTIF(N41:O42,"✔") -> 0 | P43: Absent: | Q43: =COUNTIF(P41:Q42,"a") -> 0 | R43: Present: | S43: =COUNTIF(R41:S42,"✔") -> 0 | T43: Absent: | U43: =COUNTIF(T41:U42,"a") -> 0 | V43: Present: | W43: =COUNTIF(V41:W42,"✔") -> 0 | X43: Absent: | Y43: =COUNTIF(X41:Y42,"a") -> 0
B44: BRO. FRED OSAREKHOE; 08077035480: [Headquarters Usher]; [ BENIN CITY]
F46: Present: | G46: =COUNTIF(F44:G45,"✔") -> 0 | H46: Absent: | I46: =COUNTIF(H44:I45,"a") -> 0 | J46: Present: | K46: =COUNTIF(J44:K45,"✔") -> 0 | L46: Absent: | M46: =COUNTIF(L44:M45,"a") -> 0 | N46: Present: | O46: =COUNTIF(N44:O45,"✔") -> 0 | P46: Absent: | Q46: =COUNTIF(P44:Q45,"a") -> 0 | R46: Present: | S46: =COUNTIF(R44:S45,"✔") -> 0 | T46: Absent: | U46: =COUNTIF(T44:U45,"a") -> 0 | V46: Present: | W46: =COUNTIF(V44:W45,"✔") -> 0 | X46: Absent: | Y46: =COUNTIF(X44:Y45,"a") -> 0
B47: SIS. HAPPINESS; 09073677803: [Headquarters Usher]; [ BENIN CITY]
F49: Present: | G49: =COUNTIF(F47:G48,"✔") -> 0 | H49: Absent: | I49: =COUNTIF(H47:I48,"a") -> 0 | J49: Present: | K49: =COUNTIF(J47:K48,"✔") -> 0 | L49: Absent: | M49: =COUNTIF(L47:M48,"a") -> 0 | N49: Present: | O49: =COUNTIF(N47:O48,"✔") -> 0 | P49: Absent: | Q49: =COUNTIF(P47:Q48,"a") -> 0 | R49: Present: | S49: =COUNTIF(R47:S48,"✔") -> 0 | T49: Absent: | U49: =COUNTIF(T47:U48,"a") -> 0 | V49: Present: | W49: =COUNTIF(V47:W48,"✔") -> 0 | X49: Absent: | Y49: =COUNTIF(X47:Y48,"a") -> 0

Sheet MEDIA
B1: SPIRIT REALM CENTRE SUNDAY SERVICE ATTENDANCE TRACKER 2024
J2: PRESENT: | L2: ABSENT:
J3: ✔ | L3: A
B6: MEMBER'S INFORMATION | F6: 1ST SUN. 6/10/2024 | J6: 2ND SUN. 13/10/2024 | N6: 3RD SUN. 20/10/2024 | R6: 4TH SUN. 27/10/2024 | V6: 5 H SUN.
B8: IGWE DANIEL; 09069367219: [Headquarters Media]; [ADOLLOR STREET EVBUABOGUN]
F10: Present: | G10: =COUNTIF(F8:G9,"✔") -> 0 | H10: Absent: | I10: =COUNTIF(H8:I9,"a") -> 0 | J10: Present: | K10: =COUNTIF(J8:K9,"✔") -> 0 | L10: Absent: | M10: =COUNTIF(L8:M9,"a") -> 0 | N10: Present: | O10: =COUNTIF(N8:O9,"✔") -> 0 | P10: Absent: | Q10: =COUNTIF(P8:Q9,"a") -> 0 | R10: Present: | S10: =COUNTIF(R8:S9,"✔") -> 0 | T10: Absent: | U10: =COUNTIF(T8:U9,"a") -> 0 | V10: Present: | W10: =COUNTIF(V8:W9,"✔") -> 0 | X10: Absent: | Y10: =COUNTIF(X8:Y9,"a") -> 0
B11: ATESO AIGBEDION; 09069000699: [Headquarters Media]; [EVBUABOGUN]
F13: Present: | G13: =COUNTIF(F11:G12,"✔") -> 0 | H13: Absent: | I13: =COUNTIF(H11:I12,"a") -> 0 | J13: Present: | K13: =COUNTIF(J11:K12,"✔") -> 0 | L13: Absent: | M13: =COUNTIF(L11:M12,"a") -> 0 | N13: Present: | O13: =COUNTIF(N11:O12,"✔") -> 0 | P13: Absent: | Q13: =COUNTIF(P11:Q12,"a") -> 0 | R13: Present: | S13: =COUNTIF(R11:S12,"✔") -> 0 | T13: Absent: | U13: =COUNTIF(T11:U12,"a") -> 0 | V13: Present: | W13: =COUNTIF(V11:W12,"✔") -> 0 | X13: Absent: | Y13: =COUNTIF(X11:Y12,"a") -> 0
B14: IGWE SUNDAY EGWE; 09034210872: [Headquarters Media]; [Youth of Power and Glory]
F16: Present: | G16: =COUNTIF(F14:G15,"✔") -> 0 | H16: Absent: | I16: =COUNTIF(H14:I15,"a") -> 0 | J16: Present: | K16: =COUNTIF(J14:K15,"✔") -> 0 | L16: Absent: | M16: =COUNTIF(L14:M15,"a") -> 0 | N16: Present: | O16: =COUNTIF(N14:O15,"✔") -> 0 | P16: Absent: | Q16: =COUNTIF(P14:Q15,"a") -> 0 | R16: Present: | S16: =COUNTIF(R14:S15,"✔") -> 0 | T16: Absent: | U16: =COUNTIF(T14:U15,"a") -> 0 | V16: Present: | W16: =COUNTIF(V14:W15,"✔") -> 0 | X16: Absent: | Y16: =COUNTIF(X14:Y15,"a") -> 0
B17: MOSES EMMANUEL; 09163371049: [Headquarters Media]; [NO 5 UGIAGBE STREET OFF EREDIAUWA, SAPELE ROAD]
F19: Present: | G19: =COUNTIF(F17:G18,"✔") -> 0 | H19: Absent: | I19: =COUNTIF(H17:I18,"a") -> 0 | J19: Present: | K19: =COUNTIF(J17:K18,"✔") -> 0 | L19: Absent: | M19: =COUNTIF(L17:M18,"a") -> 0 | N19: Present: | O19: =COUNTIF(N17:O18,"✔") -> 0 | P19: Absent: | Q19: =COUNTIF(P17:Q18,"a") -> 0 | R19: Present: | S19: =COUNTIF(R17:S18,"✔") -> 0 | T19: Absent: | U19: =COUNTIF(T17:U18,"a") -> 0 | V19: Present: | W19: =COUNTIF(V17:W18,"✔") -> 0 | X19: Absent: | Y19: =COUNTIF(X17:Y18,"a") -> 0
B20: BRO LUCKY; 09060597582: [Headquarters Media]; [address]
F22: Present: | G22: =COUNTIF(F20:G21,"✔") -> 0 | H22: Absent: | I22: =COUNTIF(H20:I21,"a") -> 0 | J22: Present: | K22: =COUNTIF(J20:K21,"✔") -> 0 | L22: Absent: | M22: =COUNTIF(L20:M21,"a") -> 0 | N22: Present: | O22: =COUNTIF(N20:O21,"✔") -> 0 | P22: Absent: | Q22: =COUNTIF(P20:Q21,"a") -> 0 | R22: Present: | S22: =COUNTIF(R20:S21,"✔") -> 0 | T22: Absent: | U22: =COUNTIF(T20:U21,"a") -> 0 | V22: Present: | W22: =COUNTIF(V20:W21,"✔") -> 0 | X22: Absent: | Y22: =COUNTIF(X20:Y21,"a") -> 0

Sheet SECURITY
B1: SPIRIT REALM CENTRE SUNDAY SERVICE ATTENDANCE TRACKER 2024
J2: PRESENT: | L2: ABSENT:
J3: ✔ | L3: A
B6: MEMBER'S INFORMATION | F6: 1ST SUN. 6/10/2024 | J6: 2ND SUN. 13/10/2024 | N6: 3RD SUN. 20/10/2024 | R6: 4TH SUN. 27/10/2024 | V6: 5 H SUN.
B8: BRO CHARLES AGBONKINA: [Headquarters Security]; [Address]
F10: Present: | G10: =COUNTIF(F8:G9,"✔") -> 0 | H10: Absent: | I10: =COUNTIF(H8:I9,"a") -> 0 | J10: Present: | K10: =COUNTIF(J8:K9,"✔") -> 0 | L10: Absent: | M10: =COUNTIF(L8:M9,"a") -> 0 | N10: Present: | O10: =COUNTIF(N8:O9,"✔") -> 0 | P10: Absent: | Q10: =COUNTIF(P8:Q9,"a") -> 0 | R10: Present: | S10: =COUNTIF(R8:S9,"✔") -> 0 | T10: Absent: | U10: =COUNTIF(T8:U9,"a") -> 0 | V10: Present: | W10: =COUNTIF(V8:W9,"✔") -> 0 | X10: Absent: | Y10: =COUNTIF(X8:Y9,"a") -> 0
B11: BRO SAMUEL BASSEY: [Headquarters Security]; [Address]
F13: Present: | G13: =COUNTIF(F11:G12,"✔") -> 0 | H13: Absent: | I13: =COUNTIF(H11:I12,"a") -> 0 | J13: Present: | K13: =COUNTIF(J11:K12,"✔") -> 0 | L13: Absent: | M13: =COUNTIF(L11:M12,"a") -> 0 | N13: Present: | O13: =COUNTIF(N11:O12,"✔") -> 0 | P13: Absent: | Q13: =COUNTIF(P11:Q12,"a") -> 0 | R13: Present: | S13: =COUNTIF(R11:S12,"✔") -> 0 | T13: Absent: | U13: =COUNTIF(T11:U12,"a") -> 0 | V13: Present: | W13: =COUNTIF(V11:W12,"✔") -> 0 | X13: Absent: | Y13: =COUNTIF(X11:Y12,"a") -> 0
B14: PAUL O. ASEMOTA: [Headquarters Security]; [Address]
F16: Present: | G16: =COUNTIF(F14:G15,"✔") -> 0 | H16: Absent: | I16: =COUNTIF(H14:I15,"a") -> 0 | J16: Present: | K16: =COUNTIF(J14:K15,"✔") -> 0 | L16: Absent: | M16: =COUNTIF(L14:M15,"a") -> 0 | N16: Present: | O16: =COUNTIF(N14:O15,"✔") -> 0 | P16: Absent: | Q16: =COUNTIF(P14:Q15,"a") -> 0 | R16: Present: | S16: =COUNTIF(R14:S15,"✔") -> 0 | T16: Absent: | U16: =COUNTIF(T14:U15,"a") -> 0 | V16: Present: | W16: =COUNTIF(V14:W15,"✔") -> 0 | X16: Absent: | Y16: =COUNTIF(X14:Y15,"a") -> 0
B17: UZOMA MADUKA: [Headquarters Security]; [Address]
F19: Present: | G19: =COUNTIF(F17:G18,"✔") -> 0 | H19: Absent: | I19: =COUNTIF(H17:I18,"a") -> 0 | J19: Present: | K19: =COUNTIF(J17:K18,"✔") -> 0 | L19: Absent: | M19: =COUNTIF(L17:M18,"a") -> 0 | N19: Present: | O19: =COUNTIF(N17:O18,"✔") -> 0 | P19: Absent: | Q19: =COUNTIF(P17:Q18,"a") -> 0 | R19: Present: | S19: =COUNTIF(R17:S18,"✔") -> 0 | T19: Absent: | U19: =COUNTIF(T17:U18,"a") -> 0 | V19: Present: | W19: =COUNTIF(V17:W18,"✔") -> 0 | X19: Absent: | Y19: =COUNTIF(X17:Y18,"a") -> 0
B20: MRS. ELO: [Headquarters Security]; [Address]
F22: Present: | G22: =COUNTIF(F20:G21,"✔") -> 0 | H22: Absent: | I22: =COUNTIF(H20:I21,"a") -> 0 | J22: Present: | K22: =COUNTIF(J20:K21,"✔") -> 0 | L22: Absent: | M22: =COUNTIF(L20:M21,"a") -> 0 | N22: Present: | O22: =COUNTIF(N20:O21,"✔") -> 0 | P22: Absent: | Q22: =COUNTIF(P20:Q21,"a") -> 0 | R22: Present: | S22: =COUNTIF(R20:S21,"✔") -> 0 | T22: Absent: | U22: =COUNTIF(T20:U21,"a") -> 0 | V22: Present: | W22: =COUNTIF(V20:W21,"✔") -> 0 | X22: Absent: | Y22: =COUNTIF(X20:Y21,"a") -> 0
B23: BROTHER BEN: [Headquarters Security]; [Address]
F25: Present: | G25: =COUNTIF(F23:G24,"✔") -> 0 | H25: Absent: | I25: =COUNTIF(H23:I24,"a") -> 0 | J25: Present: | K25: =COUNTIF(J23:K24,"✔") -> 0 | L25: Absent: | M25: =COUNTIF(L23:M24,"a") -> 0 | N25: Present: | O25: =COUNTIF(N23:O24,"✔") -> 0 | P25: Absent: | Q25: =COUNTIF(P23:Q24,"a") -> 0 | R25: Present: | S25: =COUNTIF(R23:S24,"✔") -> 0 | T25: Absent: | U25: =COUNTIF(T23:U24,"a") -> 0 | V25: Present: | W25: =COUNTIF(V23:W24,"✔") -> 0 | X25: Absent: | Y25: =COUNTIF(X23:Y24,"a") -> 0

Sheet PRAYER GROUP
B1: SPIRIT REALM CENTRE SUNDAY SERVICE ATTENDANCE TRACKER 2024
J2: PRESENT: | L2: ABSENT:
J3: ✔ | L3: A
B6: MEMBER'S INFORMATION | F6: 1ST SUN. 6/10/2024 | J6: 2ND SUN. 13/10/2024 | N6: 3RD SUN. 20/10/2024 | R6: 4TH SUN. 27/10/2024 | V6: 5 H SUN.
B8: MIN VICTOR; 0810507062: [Headquarters Prayer]; [Address]
F10: Present: | G10: =COUNTIF(F8:G9,"✔") -> 0 | H10: Absent: | I10: =COUNTIF(H8:I9,"a") -> 0 | J10: Present: | K10: =COUNTIF(J8:K9,"✔") -> 0 | L10: Absent: | M10: =COUNTIF(L8:M9,"a") -> 0 | N10: Present: | O10: =COUNTIF(N8:O9,"✔") -> 0 | P10: Absent: | Q10: =COUNTIF(P8:Q9,"a") -> 0 | R10: Present: | S10: =COUNTIF(R8:S9,"✔") -> 0 | T10: Absent: | U10: =COUNTIF(T8:U9,"a") -> 0 | V10: Present: | W10: =COUNTIF(V8:W9,"✔") -> 0 | X10: Absent: | Y10: =COUNTIF(X8:Y9,"a") -> 0
B11: MIN BRIGHT; 08052155988: [Headquarters Prayer]; [Address]
F13: Present: | G13: =COUNTIF(F11:G12,"✔") -> 0 | H13: Absent: | I13: =COUNTIF(H11:I12,"a") -> 0 | J13: Present: | K13: =COUNTIF(J11:K12,"✔") -> 0 | L13: Absent: | M13: =COUNTIF(L11:M12,"a") -> 0 | N13: Present: | O13: =COUNTIF(N11:O12,"✔") -> 0 | P13: Absent: | Q13: =COUNTIF(P11:Q12,"a") -> 0 | R13: Present: | S13: =COUNTIF(R11:S12,"✔") -> 0 | T13: Absent: | U13: =COUNTIF(T11:U12,"a") -> 0 | V13: Present: | W13: =COUNTIF(V11:W12,"✔") -> 0 | X13: Absent: | Y13: =COUNTIF(X11:Y12,"a") -> 0
B14: SIS STELLA: [Headquarters Prayer]; [Address]
F16: Present: | G16: =COUNTIF(F14:G15,"✔") -> 0 | H16: Absent: | I16: =COUNTIF(H14:I15,"a") -> 0 | J16: Present: | K16: =COUNTIF(J14:K15,"✔") -> 0 | L16: Absent: | M16: =COUNTIF(L14:M15,"a") -> 0 | N16: Present: | O16: =COUNTIF(N14:O15,"✔") -> 0 | P16: Absent: | Q16: =COUNTIF(P14:Q15,"a") -> 0 | R16: Present: | S16: =COUNTIF(R14:S15,"✔") -> 0 | T16: Absent: | U16: =COUNTIF(T14:U15,"a") -> 0 | V16: Present: | W16: =COUNTIF(V14:W15,"✔") -> 0 | X16: Absent: | Y16: =COUNTIF(X14:Y15,"a") -> 0
B17: SIS JESSICA: [Headquarters Prayer]; [Address]
F19: Present: | G19: =COUNTIF(F17:G18,"✔") -> 0 | H19: Absent: | I19: =COUNTIF(H17:I18,"a") -> 0 | J19: Present: | K19: =COUNTIF(J17:K18,"✔") -> 0 | L19: Absent: | M19: =COUNTIF(L17:M18,"a") -> 0 | N19: Present: | O19: =COUNTIF(N17:O18,"✔") -> 0 | P19: Absent: | Q19: =COUNTIF(P17:Q18,"a") -> 0 | R19: Present: | S19: =COUNTIF(R17:S18,"✔") -> 0 | T19: Absent: | U19: =COUNTIF(T17:U18,"a") -> 0 | V19: Present: | W19: =COUNTIF(V17:W18,"✔") -> 0 | X19: Absent: | Y19: =COUNTIF(X17:Y18,"a") -> 0
B20: BRO EHIS: [Headquarters Prayer]; [Address]
F22: Present: | G22: =COUNTIF(F20:G21,"✔") -> 0 | H22: Absent: | I22: =COUNTIF(H20:I21,"a") -> 0 | J22: Present: | K22: =COUNTIF(J20:K21,"✔") -> 0 | L22: Absent: | M22: =COUNTIF(L20:M21,"a") -> 0 | N22: Present: | O22: =COUNTIF(N20:O21,"✔") -> 0 | P22: Absent: | Q22: =COUNTIF(P20:Q21,"a") -> 0 | R22: Present: | S22: =COUNTIF(R20:S21,"✔") -> 0 | T22: Absent: | U22: =COUNTIF(T20:U21,"a") -> 0 | V22: Present: | W22: =COUNTIF(V20:W21,"✔") -> 0 | X22: Absent: | Y22: =COUNTIF(X20:Y21,"a") -> 0
B23: BRO BENARD: [Headquarters Prayer]; [Address]
F25: Present: | G25: =COUNTIF(F23:G24,"✔") -> 0 | H25: Absent: | I25: =COUNTIF(H23:I24,"a") -> 0 | J25: Present: | K25: =COUNTIF(J23:K24,"✔") -> 0 | L25: Absent: | M25: =COUNTIF(L23:M24,"a") -> 0 | N25: Present: | O25: =COUNTIF(N23:O24,"✔") -> 0 | P25: Absent: | Q25: =COUNTIF(P23:Q24,"a") -> 0 | R25: Present: | S25: =COUNTIF(R23:S24,"✔") -> 0 | T25: Absent: | U25: =COUNTIF(T23:U24,"a") -> 0 | V25: Present: | W25: =COUNTIF(V23:W24,"✔") -> 0 | X25: Absent: | Y25: =COUNTIF(X23:Y24,"a") -> 0
B26: BRO GABRIEL: [Headquarters Prayer]; [Address]
F28: Present: | G28: =COUNTIF(F26:G27,"✔") -> 0 | H28: Absent: | I28: =COUNTIF(H26:I27,"a") -> 0 | J28: Present: | K28: =COUNTIF(J26:K27,"✔") -> 0 | L28: Absent: | M28: =COUNTIF(L26:M27,"a") -> 0 | N28: Present: | O28: =COUNTIF(N26:O27,"✔") -> 0 | P28: Absent: | Q28: =COUNTIF(P26:Q27,"a") -> 0 | R28: Present: | S28: =COUNTIF(R26:S27,"✔") -> 0 | T28: Absent: | U28: =COUNTIF(T26:U27,"a") -> 0 | V28: Present: | W28: =COUNTIF(V26:W27,"✔") -> 0 | X28: Absent: | Y28: =COUNTIF(X26:Y27,"a") -> 0
B29: BRO OSAGIE: [Headquarters Prayer]; [Address]
F31: Present: | G31: =COUNTIF(F29:G30,"✔") -> 0 | H31: Absent: | I31: =COUNTIF(H29:I30,"a") -> 0 | J31: Present: | K31: =COUNTIF(J29:K30,"✔") -> 0 | L31: Absent: | M31: =COUNTIF(L29:M30,"a") -> 0 | N31: Present: | O31: =COUNTIF(N29:O30,"✔") -> 0 | P31: Absent: | Q31: =COUNTIF(P29:Q30,"a") -> 0 | R31: Present: | S31: =COUNTIF(R29:S30,"✔") -> 0 | T31: Absent: | U31: =COUNTIF(T29:U30,"a") -> 0 | V31: Present: | W31: =COUNTIF(V29:W30,"✔") -> 0 | X31: Absent: | Y31: =COUNTIF(X29:Y30,"a") -> 0

Sheet GODLY ACTION
B1: SPIRIT REALM CENTRE SUNDAY SERVICE ATTENDANCE TRACKER 2024
J2: PRESENT: | L2: ABSENT:
J3: ✔ | L3: A
B6: MEMBER'S INFORMATION | F6: 1ST SUN. 6/10/2024 | J6: 2ND SUN. 13/10/2024 | N6: 3RD SUN. 20/10/2024 | R6: 4TH SUN. 27/10/2024 | V6: 5 H SUN.
B8: MIN VICTOR; 0810507062: [Headquarters Godly Action]; [Address]
F10: Present: | G10: =COUNTIF(F8:G9,"✔") -> 0 | H10: Absent: | I10: =COUNTIF(H8:I9,"a") -> 0 | J10: Present: | K10: =COUNTIF(J8:K9,"✔") -> 0 | L10: Absent: | M10: =COUNTIF(L8:M9,"a") -> 0 | N10: Present: | O10: =COUNTIF(N8:O9,"✔") -> 0 | P10: Absent: | Q10: =COUNTIF(P8:Q9,"a") -> 0 | R10: Present: | S10: =COUNTIF(R8:S9,"✔") -> 0 | T10: Absent: | U10: =COUNTIF(T8:U9,"a") -> 0 | V10: Present: | W10: =COUNTIF(V8:W9,"✔") -> 0 | X10: Absent: | Y10: =COUNTIF(X8:Y9,"a") -> 0
B11: MIN BRIGHT; 08052155988: [Headquarters Godly Action]; [Address]
F13: Present: | G13: =COUNTIF(F11:G12,"✔") -> 0 | H13: Absent: | I13: =COUNTIF(H11:I12,"a") -> 0 | J13: Present: | K13: =COUNTIF(J11:K12,"✔") -> 0 | L13: Absent: | M13: =COUNTIF(L11:M12,"a") -> 0 | N13: Present: | O13: =COUNTIF(N11:O12,"✔") -> 0 | P13: Absent: | Q13: =COUNTIF(P11:Q12,"a") -> 0 | R13: Present: | S13: =COUNTIF(R11:S12,"✔") -> 0 | T13: Absent: | U13: =COUNTIF(T11:U12,"a") -> 0 | V13: Present: | W13: =COUNTIF(V11:W12,"✔") -> 0 | X13: Absent: | Y13: =COUNTIF(X11:Y12,"a") -> 0
B14: BRO LUCKY; 08116110454: [Headquarters Godly Action]; [Address]
F16: Present: | G16: =COUNTIF(F14:G15,"✔") -> 0 | H16: Absent: | I16: =COUNTIF(H14:I15,"a") -> 0 | J16: Present: | K16: =COUNTIF(J14:K15,"✔") -> 0 | L16: Absent: | M16: =COUNTIF(L14:M15,"a") -> 0 | N16: Present: | O16: =COUNTIF(N14:O15,"✔") -> 0 | P16: Absent: | Q16: =COUNTIF(P14:Q15,"a") -> 0 | R16: Present: | S16: =COUNTIF(R14:S15,"✔") -> 0 | T16: Absent: | U16: =COUNTIF(T14:U15,"a") -> 0 | V16: Present: | W16: =COUNTIF(V14:W15,"✔") -> 0 | X16: Absent: | Y16: =COUNTIF(X14:Y15,"a") -> 0
B17: BRO MORRIS; 08071978244: [Headquarters Godly Action]; [Address]
F19: Present: | G19: =COUNTIF(F17:G18,"✔") -> 0 | H19: Absent: | I19: =COUNTIF(H17:I18,"a") -> 0 | J19: Present: | K19: =COUNTIF(J17:K18,"✔") -> 0 | L19: Absent: | M19: =COUNTIF(L17:M18,"a") -> 0 | N19: Present: | O19: =COUNTIF(N17:O18,"✔") -> 0 | P19: Absent: | Q19: =COUNTIF(P17:Q18,"a") -> 0 | R19: Present: | S19: =COUNTIF(R17:S18,"✔") -> 0 | T19: Absent: | U19: =COUNTIF(T17:U18,"a") -> 0 | V19: Present: | W19: =COUNTIF(V17:W18,"✔") -> 0 | X19: Absent: | Y19: =COUNTIF(X17:Y18,"a") -> 0
B20: BRO GABRIEL; 09118794939: [Headquarters Godly Action]; [Address]
F22: Present: | G22: =COUNTIF(F20:G21,"✔") -> 0 | H22: Absent: | I22: =COUNTIF(H20:I21,"a") -> 0 | J22: Present: | K22: =COUNTIF(J20:K21,"✔") -> 0 | L22: Absent: | M22: =COUNTIF(L20:M21,"a") -> 0 | N22: Present: | O22: =COUNTIF(N20:O21,"✔") -> 0 | P22: Absent: | Q22: =COUNTIF(P20:Q21,"a") -> 0 | R22: Present: | S22: =COUNTIF(R20:S21,"✔") -> 0 | T22: Absent: | U22: =COUNTIF(T20:U21,"a") -> 0 | V22: Present: | W22: =COUNTIF(V20:W21,"✔") -> 0 | X22: Absent: | Y22: =COUNTIF(X20:Y21,"a") -> 0
B23: BRO GOD'S POWER; 09011402427: [Headquarters Godly Action]; [Address]
F25: Present: | G25: =COUNTIF(F23:G24,"✔") -> 0 | H25: Absent: | I25: =COUNTIF(H23:I24,"a") -> 0 | J25: Present: | K25: =COUNTIF(J23:K24,"✔") -> 0 | L25: Absent: | M25: =COUNTIF(L23:M24,"a") -> 0 | N25: Present: | O25: =COUNTIF(N23:O24,"✔") -> 0 | P25: Absent: | Q25: =COUNTIF(P23:Q24,"a") -> 0 | R25: Present: | S25: =COUNTIF(R23:S24,"✔") -> 0 | T25: Absent: | U25: =COUNTIF(T23:U24,"a") -> 0 | V25: Present: | W25: =COUNTIF(V23:W24,"✔") -> 0 | X25: Absent: | Y25: =COUNTIF(X23:Y24,"a") -> 0
B26: BRO VICTORY; 0911295701: [Headquarters Godly Action]; [Address]
F28: Present: | G28: =COUNTIF(F26:G27,"✔") -> 0 | H28: Absent: | I28: =COUNTIF(H26:I27,"a") -> 0 | J28: Present: | K28: =COUNTIF(J26:K27,"✔") -> 0 | L28: Absent: | M28: =COUNTIF(L26:M27,"a") -> 0 | N28: Present: | O28: =COUNTIF(N26:O27,"✔") -> 0 | P28: Absent: | Q28: =COUNTIF(P26:Q27,"a") -> 0 | R28: Present: | S28: =COUNTIF(R26:S27,"✔") -> 0 | T28: Absent: | U28: =COUNTIF(T26:U27,"a") -> 0 | V28: Present: | W28: =COUNTIF(V26:W27,"✔") -> 0 | X28: Absent: | Y28: =COUNTIF(X26:Y27,"a") -> 0
B29: SIS CHARITY; 07018582492: [Headquarters Godly Action]; [Address]
F31: Present: | G31: =COUNTIF(F29:G30,"✔") -> 0 | H31: Absent: | I31: =COUNTIF(H29:I30,"a") -> 0 | J31: Present: | K31: =COUNTIF(J29:K30,"✔") -> 0 | L31: Absent: | M31: =COUNTIF(L29:M30,"a") -> 0 | N31: Present: | O31: =COUNTIF(N29:O30,"✔") -> 0 | P31: Absent: | Q31: =COUNTIF(P29:Q30,"a") -> 0 | R31: Present: | S31: =COUNTIF(R29:S30,"✔") -> 0 | T31: Absent: | U31: =COUNTIF(T29:U30,"a") -> 0 | V31: Present: | W31: =COUNTIF(V29:W30,"✔") -> 0 | X31: Absent: | Y31: =COUNTIF(X29:Y30,"a") -> 0
B32: SIS FAVOUR; 09156464691: [Headquarters Godly Action]; [Address]
F34: Present: | G34: =COUNTIF(F32:G33,"✔") -> 0 | H34: Absent: | I34: =COUNTIF(H32:I33,"a") -> 0 | J34: Present: | K34: =COUNTIF(J32:K33,"✔") -> 0 | L34: Absent: | M34: =COUNTIF(L32:M33,"a") -> 0 | N34: Present: | O34: =COUNTIF(N32:O33,"✔") -> 0 | P34: Absent: | Q34: =COUNTIF(P32:Q33,"a") -> 0 | R34: Present: | S34: =COUNTIF(R32:S33,"✔") -> 0 | T34: Absent: | U34: =COUNTIF(T32:U33,"a") -> 0 | V34: Present: | W34: =COUNTIF(V32:W33,"✔") -> 0 | X34: Absent: | Y34: =COUNTIF(X32:Y33,"a") -> 0
B35: SIS GRACE; 09032441393: [Headquarters Godly Action]; [Address]
F37: Present: | G37: =COUNTIF(F35:G36,"✔") -> 0 | H37: Absent: | I37: =COUNTIF(H35:I36,"a") -> 0 | J37: Present: | K37: =COUNTIF(J35:K36,"✔") -> 0 | L37: Absent: | M37: =COUNTIF(L35:M36,"a") -> 0 | N37: Present: | O37: =COUNTIF(N35:O36,"✔") -> 0 | P37: Absent: | Q37: =COUNTIF(P35:Q36,"a") -> 0 | R37: Present: | S37: =COUNTIF(R35:S36,"✔") -> 0 | T37: Absent: | U37: =COUNTIF(T35:U36,"a") -> 0 | V37: Present: | W37: =COUNTIF(V35:W36,"✔") -> 0 | X37: Absent: | Y37: =COUNTIF(X35:Y36,"a") -> 0
B38: SIS JOY; 09165656495: [Headquarters Godly Action]; [Address]
F40: Present: | G40: =COUNTIF(F38:G39,"✔") -> 0 | H40: Absent: | I40: =COUNTIF(H38:I39,"a") -> 0 | J40: Present: | K40: =COUNTIF(J38:K39,"✔") -> 0 | L40: Absent: | M40: =COUNTIF(L38:M39,"a") -> 0 | N40: Present: | O40: =COUNTIF(N38:O39,"✔") -> 0 | P40: Absent: | Q40: =COUNTIF(P38:Q39,"a") -> 0 | R40: Present: | S40: =COUNTIF(R38:S39,"✔") -> 0 | T40: Absent: | U40: =COUNTIF(T38:U39,"a") -> 0 | V40: Present: | W40: =COUNTIF(V38:W39,"✔") -> 0 | X40: Absent: | Y40: =COUNTIF(X38:Y39,"a") -> 0
B41: BRO DAN; 09069367216: [Headquarters Godly Action]; [Address]
F43: Present: | G43: =COUNTIF(F41:G42,"✔") -> 0 | H43: Absent: | I43: =COUNTIF(H41:I42,"a") -> 0 | J43: Present: | K43: =COUNTIF(J41:K42,"✔") -> 0 | L43: Absent: | M43: =COUNTIF(L41:M42,"a") -> 0 | N43: Present: | O43: =COUNTIF(N41:O42,"✔") -> 0 | P43: Absent: | Q43: =COUNTIF(P41:Q42,"a") -> 0 | R43: Present: | S43: =COUNTIF(R41:S42,"✔") -> 0 | T43: Absent: | U43: =COUNTIF(T41:U42,"a") -> 0 | V43: Present: | W43: =COUNTIF(V41:W42,"✔") -> 0 | X43: Absent: | Y43: =COUNTIF(X41:Y42,"a") -> 0
B44: SIS COURAGE; 09052268276: [Headquarters Godly Action]; [Address]
F46: Present: | G46: =COUNTIF(F44:G45,"✔") -> 0 | H46: Absent: | I46: =COUNTIF(H44:I45,"a") -> 0 | J46: Present: | K46: =COUNTIF(J44:K45,"✔") -> 0 | L46: Absent: | M46: =COUNTIF(L44:M45,"a") -> 0 | N46: Present: | O46: =COUNTIF(N44:O45,"✔") -> 0 | P46: Absent: | Q46: =COUNTIF(P44:Q45,"a") -> 0 | R46: Present: | S46: =COUNTIF(R44:S45,"✔") -> 0 | T46: Absent: | U46: =COUNTIF(T44:U45,"a") -> 0 | V46: Present: | W46: =COUNTIF(V44:W45,"✔") -> 0 | X46: Absent: | Y46: =COUNTIF(X44:Y45,"a") -> 0
B47: BRO MARVELOUS; 09011816906: [Headquarters Godly Action]; [Address]
F49: Present: | G49: =COUNTIF(F47:G48,"✔") -> 0 | H49: Absent: | I49: =COUNTIF(H47:I48,"a") -> 0 | J49: Present: | K49: =COUNTIF(J47:K48,"✔") -> 0 | L49: Absent: | M49: =COUNTIF(L47:M48,"a") -> 0 | N49: Present: | O49: =COUNTIF(N47:O48,"✔") -> 0 | P49: Absent: | Q49: =COUNTIF(P47:Q48,"a") -> 0 | R49: Present: | S49: =COUNTIF(R47:S48,"✔") -> 0 | T49: Absent: | U49: =COUNTIF(T47:U48,"a") -> 0 | V49: Present: | W49: =COUNTIF(V47:W48,"✔") -> 0 | X49: Absent: | Y49: =COUNTIF(X47:Y48,"a") -> 0
B50: BRO OSA-GREAT; 07010707729: [Headquarters Godly Action]; [Address]
F52: Present: | G52: =COUNTIF(F50:G51,"✔") -> 0 | H52: Absent: | I52: =COUNTIF(H50:I51,"a") -> 0 | J52: Present: | K52: =COUNTIF(J50:K51,"✔") -> 0 | L52: Absent: | M52: =COUNTIF(L50:M51,"a") -> 0 | N52: Present: | O52: =COUNTIF(N50:O51,"✔") -> 0 | P52: Absent: | Q52: =COUNTIF(P50:Q51,"a") -> 0 | R52: Present: | S52: =COUNTIF(R50:S51,"✔") -> 0 | T52: Absent: | U52: =COUNTIF(T50:U51,"a") -> 0 | V52: Present: | W52: =COUNTIF(V50:W51,"✔") -> 0 | X52: Absent: | Y52: =COUNTIF(X50:Y51,"a") -> 0
B53: BRO OSA-WEALTH; 08023656579: [Headquarters Godly Action]; [Address]
F55: Present: | G55: =COUNTIF(F53:G54,"✔") -> 0 | H55: Absent: | I55: =COUNTIF(H53:I54,"a") -> 0 | J55: Present: | K55: =COUNTIF(J53:K54,"✔") -> 0 | L55: Absent: | M55: =COUNTIF(L53:M54,"a") -> 0 | N55: Present: | O55: =COUNTIF(N53:O54,"✔") -> 0 | P55: Absent: | Q55: =COUNTIF(P53:Q54,"a") -> 0 | R55: Present: | S55: =COUNTIF(R53:S54,"✔") -> 0 | T55: Absent: | U55: =COUNTIF(T53:U54,"a") -> 0 | V55: Present: | W55: =COUNTIF(V53:W54,"✔") -> 0 | X55: Absent: | Y55: =COUNTIF(X53:Y54,"a") -> 0
B56: BRO OSA-LIGHT: [Headquarters Godly Action]; [Address]
F58: Present: | G58: =COUNTIF(F56:G57,"✔") -> 0 | H58: Absent: | I58: =COUNTIF(H56:I57,"a") -> 0 | J58: Present: | K58: =COUNTIF(J56:K57,"✔") -> 0 | L58: Absent: | M58: =COUNTIF(L56:M57,"a") -> 0 | N58: Present: | O58: =COUNTIF(N56:O57,"✔") -> 0 | P58: Absent: | Q58: =COUNTIF(P56:Q57,"a") -> 0 | R58: Present: | S58: =COUNTIF(R56:S57,"✔") -> 0 | T58: Absent: | U58: =COUNTIF(T56:U57,"a") -> 0 | V58: Present: | W58: =COUNTIF(V56:W57,"✔") -> 0 | X58: Absent: | Y58: =COUNTIF(X56:Y57,"a") -> 0
B59: BRO OSA-GREAT; 07010707729: [Headquarters Godly Action]; [Address]
F61: Present: | G61: =COUNTIF(F59:G60,"✔") -> 0 | H61: Absent: | I61: =COUNTIF(H59:I60,"a") -> 0 | J61: Present: | K61: =COUNTIF(J59:K60,"✔") -> 0 | L61: Absent: | M61: =COUNTIF(L59:M60,"a") -> 0 | N61: Present: | O61: =COUNTIF(N59:O60,"✔") -> 0 | P61: Absent: | Q61: =COUNTIF(P59:Q60,"a") -> 0 | R61: Present: | S61: =COUNTIF(R59:S60,"✔") -> 0 | T61: Absent: | U61: =COUNTIF(T59:U60,"a") -> 0 | V61: Present: | W61: =COUNTIF(V59:W60,"✔") -> 0 | X61: Absent: | Y61: =COUNTIF(X59:Y60,"a") -> 0
B62: BRO OSA-GREAT; 07010707729: [Headquarters Godly Action]; [Address]
F64: Present: | G64: =COUNTIF(F62:G63,"✔") -> 0 | H64: Absent: | I64: =COUNTIF(H62:I63,"a") -> 0 | J64: Present: | K64: =COUNTIF(J62:K63,"✔") -> 0 | L64: Absent: | M64: =COUNTIF(L62:M63,"a") -> 0 | N64: Present: | O64: =COUNTIF(N62:O63,"✔") -> 0 | P64: Absent: | Q64: =COUNTIF(P62:Q63,"a") -> 0 | R64: Present: | S64: =COUNTIF(R62:S63,"✔") -> 0 | T64: Absent: | U64: =COUNTIF(T62:U63,"a") -> 0 | V64: Present: | W64: =COUNTIF(V62:W63,"✔") -> 0 | X64: Absent: | Y64: =COUNTIF(X62:Y63,"a") -> 0

Sheet COUNSELLING 

Sheet SANCTUARY

Sheet EWEKA
A2: EWEKA EXTENSION
A4: PST. RAMANUS
A6: 9032761666
A8: SISTER JOVITA
A10: 7041854892
A12: DCN. ESTON
A14: 8034747107
A16: SISTER JULIET YAKUBU
A18: 7081243374
A20: BRO. PIUS TITANA
A22: 7032841227
A24: SISTER VITA
A26: 7038376555
A28: EPA OMOREGBON
A30: 7057422976
A32: SISTER LOVETH GODWIN
A34: 9139288465
A36: SISTER JOY ONI
A38: 9163234837
A40: SISTER ESTHER OSHIOREMO
A42: 7045864651
A44: SISTER VICTORY CHRISTIAN
A46: SISTER RUTH CHRISTIAN
A48: BRO. MICHEAL CHRISTIAN
A50: 8105389768
A52: BRO. ANDREW EMMANUEL
A54: 8064265810
A56: SISTER EUNICE YAKUBU
A58: 9123167764
A60: SISTER VIOLET AGBOW
A62: 9063501727
A64: SISTER GIFT SUNDAY
A66: 8023045591
A68: SISTER VICTORY SAMUEL
A70: NIL
A72: IRREGULAR MEMBERS
A74: SISTER JOY SAMUEL 08082046262
A76: SISTER ESTHER LUCKY 07056141005
A78: SISTER JENNIFER IMEREMUN 0906442700
A80: SISTER BLESSING ISAAC 0915414497
A82: SISTER STELLA ELVIS 09037120959
A84: SISTER GLORY EMMANUEL 09156592
A86: BROTHER AUGUSTINE OWAS 07045883

Sheet ABSENT
A1: ABSENT MEMBERS
A2: 45571
A3: PRAYER GROUP
A4: SIS STELLA
A5: SIS JESSICA
A6: BRO EHIS
A7: BRO GABRIEL
A9: GODLY ACTION
A10: BRO GABRIEL
A11: 45578
A12: MEN OF IMPACT
A13: Brother Charles
A15: Brother Ik njoku
A17: Brother Stanley
A19: Brother Paul
A21: Brother Esosa
A23: Brother uzoma
A25: Brother Kennedy
A27: Brother Solomon
A29: Brother goodnews
A31: Brother ejiro
A33: Brother Ehis
A35: Bro. Gabriel 09118794939

Sheet Sheet9

Sheet Sheet10
